window,phi
0.01 0.01 0.01 0.01 0.01 0.01 0.01 0.01 0.01 0.01 0.01 0.01 0.01 0.01 0.01 0.01 0.01 0.01 0.01 0.01 0.01 0.01 0.01 0.01 0.00,0.95
0.01 0.01 0.01 0.01 0.01 0.01 0.01 0.01 0.01 0.01 0.01 0.01 0.01 0.01 0.01 0.01 0.01 0.01 0.01 0.01 0.01 0.01 0.01 0.00 0.00,0.95
0.01 0.01 0.00 0.01 0.01 0.01 0.01 0.01 0.01 0.01 0.01 0.01 0.01 0.01 0.02 0.01 0.01 0.00 0.01 0.01 0.01 0.01 0.00 0.01 0.01,0.75
0.01 0.00 0.01 0.01 0.01 0.01 0.01 0.01 0.01 0.01 0.01 0.01 0.01 0.02 0.01 0.01 0.00 0.01 0.01 0.01 0.01 0.00 0.01 0.01 0.00,0.75
0.00 0.01 0.01 0.01 0.01 0.01 0.01 0.01 0.01 0.01 0.01 0.01 0.02 0.01 0.01 0.00 0.01 0.01 0.01 0.01 0.00 0.01 0.01 0.00 0.00,0.5
0.00 0.01 0.01 0.01 0.01 0.01 0.01 0.01 0.00 0.01 0.01 0.01 0.01 0.00 0.00 0.00 0.01 0.01 0.01 0.01 0.01 0.01 0.01 0.01 0.00,0.5
0.01 0.01 0.01 0.01 0.01 0.01 0.01 0.00 0.01 0.01 0.01 0.01 0.00 0.00 0.00 0.01 0.01 0.01 0.01 0.01 0.01 0.01 0.01 0.00 0.00,0.75
0.01 0.01 0.01 0.01 0.01 0.01 0.00 0.01 0.01 0.01 0.01 0.00 0.00 0.00 0.01 0.01 0.01 0.01 0.01 0.01 0.01 0.01 0.00 0.00 0.00,0.75
0.66 0.67 0.71 0.72 0.73 0.77 0.76 0.76 0.78 0.77 0.78 0.80 0.83 0.84 0.87 0.91 1.00 0.37 0.95 0.86 0.98 0.85 0.48 0.83 0.83,0.95
0.67 0.71 0.72 0.73 0.77 0.76 0.76 0.78 0.77 0.78 0.80 0.83 0.84 0.87 0.91 1.00 0.37 0.95 0.86 0.98 0.85 0.48 0.83 0.83 0.55,0.95
0.38 0.39 0.40 0.40 0.39 0.40 0.41 0.43 0.45 0.46 0.46 0.47 0.48 0.49 0.50 0.52 0.52 0.49 0.42 0.40 0.43 0.45 0.46 0.46 0.49,0.5
0.39 0.40 0.40 0.39 0.40 0.41 0.43 0.45 0.46 0.46 0.47 0.48 0.49 0.50 0.52 0.52 0.49 0.42 0.40 0.43 0.45 0.46 0.46 0.49 0.49,0.5
0.37 0.38 0.39 0.40 0.40 0.39 0.40 0.41 0.43 0.45 0.46 0.46 0.47 0.48 0.49 0.50 0.52 0.52 0.49 0.42 0.40 0.43 0.45 0.46 0.46,0.5
0.46 0.45 0.43 0.42 0.43 0.43 0.43 0.45 0.45 0.45 0.45 0.46 0.48 0.51 0.53 0.54 0.57 0.57 0.55 0.55 0.55 0.54 0.55 0.55 0.57,0.5
0.45 0.43 0.42 0.43 0.43 0.43 0.45 0.45 0.45 0.45 0.46 0.48 0.51 0.53 0.54 0.57 0.57 0.55 0.55 0.55 0.54 0.55 0.55 0.57 0.57,0.5
0.28 0.30 0.33 0.34 0.36 0.38 0.41 0.46 0.47 0.49 0.49 0.41 0.36 0.34 0.37 0.43 0.51 0.52 0.53 0.49 0.49 0.57 0.65 0.68 0.68,0.7
0.30 0.33 0.34 0.36 0.38 0.41 0.46 0.47 0.49 0.49 0.41 0.36 0.34 0.37 0.43 0.51 0.52 0.53 0.49 0.49 0.57 0.65 0.68 0.68 0.70,0.7
0.24 0.20 0.20 0.05 0.02 0.02 0.02 0.02 0.02 0.02 0.05 0.03 0.02 0.02 0.00 0.01 0.00 0.01 0.00 0.00 0.03 0.02 0.00 0.00 0.00,0.5
0.20 0.20 0.05 0.02 0.02 0.02 0.02 0.02 0.02 0.05 0.03 0.02 0.02 0.00 0.01 0.00 0.01 0.00 0.00 0.03 0.02 0.00 0.00 0.00 0.00,0.5
0.19 0.22 0.21 0.19 0.19 0.19 0.19 0.19 0.14 0.15 0.15 0.24 0.20 0.20 0.05 0.02 0.02 0.02 0.02 0.02 0.02 0.05 0.03 0.02 0.02,0.75
0.22 0.21 0.19 0.19 0.19 0.19 0.19 0.14 0.15 0.15 0.24 0.20 0.20 0.05 0.02 0.02 0.02 0.02 0.02 0.02 0.05 0.03 0.02 0.02 0.00,0.75
0.19 0.19 0.19 0.19 0.14 0.15 0.15 0.24 0.20 0.20 0.05 0.02 0.02 0.02 0.02 0.02 0.02 0.05 0.03 0.02 0.02 0.00 0.01 0.00 0.01,0.5
0.19 0.19 0.19 0.14 0.15 0.15 0.24 0.20 0.20 0.05 0.02 0.02 0.02 0.02 0.02 0.02 0.05 0.03 0.02 0.02 0.00 0.01 0.00 0.01 0.00,0.5
0.19 0.19 0.14 0.15 0.15 0.24 0.20 0.20 0.05 0.02 0.02 0.02 0.02 0.02 0.02 0.05 0.03 0.02 0.02 0.00 0.01 0.00 0.01 0.00 0.00,0.75
0.21 0.19 0.19 0.19 0.19 0.19 0.14 0.15 0.15 0.24 0.20 0.20 0.05 0.02 0.02 0.02 0.02 0.02 0.02 0.05 0.03 0.02 0.02 0.00 0.01,0.7
0.19 0.19 0.19 0.19 0.19 0.14 0.15 0.15 0.24 0.20 0.20 0.05 0.02 0.02 0.02 0.02 0.02 0.02 0.05 0.03 0.02 0.02 0.00 0.01 0.00,0.5
0.60 0.58 0.58 0.58 0.57 0.58 0.55 0.54 0.57 0.56 0.53 0.53 0.53 0.54 0.54 0.54 0.54 0.55 0.59 0.58 0.55 0.54 0.53 0.53 0.53,0.5
0.58 0.58 0.58 0.57 0.58 0.55 0.54 0.57 0.56 0.53 0.53 0.53 0.54 0.54 0.54 0.54 0.55 0.59 0.58 0.55 0.54 0.53 0.53 0.53 0.53,0.75
0.64 0.60 0.58 0.58 0.58 0.57 0.58 0.55 0.54 0.57 0.56 0.53 0.53 0.53 0.54 0.54 0.54 0.54 0.55 0.59 0.58 0.55 0.54 0.53 0.53,0.75
0.61 0.64 0.60 0.58 0.58 0.58 0.57 0.58 0.55 0.54 0.57 0.56 0.53 0.53 0.53 0.54 0.54 0.54 0.54 0.55 0.59 0.58 0.55 0.54 0.53,0.75
0.58 0.55 0.54 0.57 0.56 0.53 0.53 0.53 0.54 0.54 0.54 0.54 0.55 0.59 0.58 0.55 0.54 0.53 0.53 0.53 0.53 0.53 0.53 0.56 0.58,0.75
0.55 0.54 0.57 0.56 0.53 0.53 0.53 0.54 0.54 0.54 0.54 0.55 0.59 0.58 0.55 0.54 0.53 0.53 0.53 0.53 0.53 0.53 0.56 0.58 0.54,0.7
0.55 0.55 0.55 0.55 0.55 0.55 0.61 0.59 0.58 0.59 0.59 0.59 0.61 0.60 0.58 0.58 0.59 0.59 0.59 0.57 0.57 0.62 0.62 0.56 0.57,0.5
0.55 0.55 0.55 0.55 0.55 0.61 0.59 0.58 0.59 0.59 0.59 0.61 0.60 0.58 0.58 0.59 0.59 0.59 0.57 0.57 0.62 0.62 0.56 0.57 0.58,0.5
0.14 0.15 0.15 0.24 0.20 0.20 0.05 0.02 0.02 0.02 0.02 0.02 0.02 0.05 0.03 0.02 0.02 0.00 0.01 0.00 0.01 0.00 0.00 0.03 0.02,0.75
0.15 0.15 0.24 0.20 0.20 0.05 0.02 0.02 0.02 0.02 0.02 0.02 0.05 0.03 0.02 0.02 0.00 0.01 0.00 0.01 0.00 0.00 0.03 0.02 0.00,0.75
0.15 0.24 0.20 0.20 0.05 0.02 0.02 0.02 0.02 0.02 0.02 0.05 0.03 0.02 0.02 0.00 0.01 0.00 0.01 0.00 0.00 0.03 0.02 0.00 0.00,0.75
0.47 0.46 0.44 0.43 0.44 0.44 0.44 0.44 0.45 0.44 0.48 0.48 0.44 0.44 0.44 0.46 0.45 0.46 0.45 0.46 0.52 0.52 0.51 0.49 0.49,0.75
0.46 0.44 0.43 0.44 0.44 0.44 0.44 0.45 0.44 0.48 0.48 0.44 0.44 0.44 0.46 0.45 0.46 0.45 0.46 0.52 0.52 0.51 0.49 0.49 0.49,0.75
0.54 0.52 0.57 0.53 0.52 0.52 0.52 0.52 0.51 0.56 0.57 0.53 0.53 0.53 0.52 0.51 0.51 0.53 0.52 0.49 0.48 0.51 0.48 0.47 0.43,0.95
0.52 0.57 0.53 0.52 0.52 0.52 0.52 0.51 0.56 0.57 0.53 0.53 0.53 0.52 0.51 0.51 0.53 0.52 0.49 0.48 0.51 0.48 0.47 0.43 0.48,0.95
0.53 0.54 0.54 0.54 0.52 0.57 0.53 0.52 0.52 0.52 0.52 0.51 0.56 0.57 0.53 0.53 0.53 0.52 0.51 0.51 0.53 0.52 0.49 0.48 0.51,0.75
0.54 0.54 0.54 0.52 0.57 0.53 0.52 0.52 0.52 0.52 0.51 0.56 0.57 0.53 0.53 0.53 0.52 0.51 0.51 0.53 0.52 0.49 0.48 0.51 0.48,0.5
0.47 0.45 0.44 0.44 0.47 0.46 0.44 0.43 0.44 0.44 0.44 0.44 0.45 0.44 0.48 0.48 0.44 0.44 0.44 0.46 0.45 0.46 0.45 0.46 0.52,0.75
0.45 0.44 0.44 0.47 0.46 0.44 0.43 0.44 0.44 0.44 0.44 0.45 0.44 0.48 0.48 0.44 0.44 0.44 0.46 0.45 0.46 0.45 0.46 0.52 0.52,0.5
0.55 0.55 0.55 0.55 0.61 0.59 0.58 0.59 0.59 0.59 0.61 0.60 0.58 0.58 0.59 0.59 0.59 0.57 0.57 0.62 0.62 0.56 0.57 0.58 0.58,0.5
0.55 0.55 0.55 0.61 0.59 0.58 0.59 0.59 0.59 0.61 0.60 0.58 0.58 0.59 0.59 0.59 0.57 0.57 0.62 0.62 0.56 0.57 0.58 0.58 0.59,0.5
0.02 0.02 0.02 0.02 0.02 0.02 0.03 0.02 0.02 0.02 0.02 0.02 0.02 0.02 0.02 0.02 0.02 0.02 0.02 0.02 0.02 0.02 0.02 0.02 0.02,0.95
0.02 0.02 0.02 0.02 0.02 0.03 0.02 0.02 0.02 0.02 0.02 0.02 0.02 0.02 0.02 0.02 0.02 0.02 0.02 0.02 0.02 0.02 0.02 0.02 0.01,0.95
0.02 0.02 0.02 0.02 0.02 0.02 0.02 0.02 0.02 0.02 0.01 0.01 0.01 0.02 0.01 0.02 0.02 0.02 0.02 0.02 0.02 0.01 0.01 0.01 0.01,0.75
0.02 0.02 0.02 0.02 0.02 0.02 0.02 0.02 0.02 0.01 0.01 0.01 0.02 0.01 0.02 0.02 0.02 0.02 0.02 0.02 0.01 0.01 0.01 0.01 0.01,0.95
0.02 0.02 0.02 0.02 0.02 0.02 0.02 0.02 0.01 0.01 0.01 0.02 0.01 0.02 0.02 0.02 0.02 0.02 0.02 0.01 0.01 0.01 0.01 0.01 0.01,0.75
0.02 0.02 0.02 0.02 0.02 0.02 0.02 0.01 0.01 0.01 0.02 0.01 0.02 0.02 0.02 0.02 0.02 0.02 0.01 0.01 0.01 0.01 0.01 0.01 0.01,0.95
0.02 0.02 0.02 0.02 0.02 0.02 0.01 0.01 0.01 0.02 0.01 0.02 0.02 0.02 0.02 0.02 0.02 0.01 0.01 0.01 0.01 0.01 0.01 0.01 0.01,0.95
0.78 0.74 0.76 0.77 0.78 0.77 0.76 0.76 0.76 0.77 0.78 0.80 0.80 0.80 0.80 0.82 0.82 0.82 0.85 0.98 0.99 0.98 0.85 0.74 0.69,0.75
0.74 0.76 0.77 0.78 0.77 0.76 0.76 0.76 0.77 0.78 0.80 0.80 0.80 0.80 0.82 0.82 0.82 0.85 0.98 0.99 0.98 0.85 0.74 0.69 0.67,0.75
0.78 0.78 0.74 0.76 0.77 0.78 0.77 0.76 0.76 0.76 0.77 0.78 0.80 0.80 0.80 0.80 0.82 0.82 0.82 0.85 0.98 0.99 0.98 0.85 0.74,0.75
0.77 0.78 0.78 0.74 0.76 0.77 0.78 0.77 0.76 0.76 0.76 0.77 0.78 0.80 0.80 0.80 0.80 0.82 0.82 0.82 0.85 0.98 0.99 0.98 0.85,0.7
0.83 0.78 0.77 0.78 0.78 0.74 0.76 0.77 0.78 0.77 0.76 0.76 0.76 0.77 0.78 0.80 0.80 0.80 0.80 0.82 0.82 0.82 0.85 0.98 0.99,0.95
0.78 0.77 0.78 0.78 0.74 0.76 0.77 0.78 0.77 0.76 0.76 0.76 0.77 0.78 0.80 0.80 0.80 0.80 0.82 0.82 0.82 0.85 0.98 0.99 0.98,0.7
0.48 0.49 0.49 0.49 0.48 0.48 0.48 0.48 0.48 0.48 0.48 0.48 0.48 0.48 0.48 0.48 0.48 0.48 0.48 0.48 0.48 0.48 0.48 0.48 0.48,0.75
0.49 0.49 0.49 0.48 0.48 0.48 0.48 0.48 0.48 0.48 0.48 0.48 0.48 0.48 0.48 0.48 0.48 0.48 0.48 0.48 0.48 0.48 0.48 0.48 0.48,0.5
0.05 0.04 0.05 0.05 0.04 0.05 0.04 0.05 0.04 0.05 0.05 0.04 0.04 0.04 0.04 0.04 0.05 0.05 0.05 0.05 0.07 0.07 0.05 0.05 0.05,0.95
0.04 0.05 0.05 0.04 0.05 0.04 0.05 0.04 0.05 0.05 0.04 0.04 0.04 0.04 0.04 0.05 0.05 0.05 0.05 0.07 0.07 0.05 0.05 0.05 0.00,0.75
0.01 0.00 0.01 0.00 0.00 0.00 0.00 0.00 0.01 0.01 0.01 0.00 0.00 0.00 0.00 0.00 0.01 0.00 0.00 0.00 0.00 0.00 0.00 0.00 0.00,0.5
0.00 0.01 0.00 0.00 0.00 0.00 0.00 0.01 0.01 0.01 0.00 0.00 0.00 0.00 0.00 0.01 0.00 0.00 0.00 0.00 0.00 0.00 0.00 0.00 0.00,0.75
0.01 0.00 0.00 0.00 0.00 0.00 0.01 0.01 0.01 0.00 0.00 0.00 0.00 0.00 0.01 0.00 0.00 0.00 0.00 0.00 0.00 0.00 0.00 0.00 0.00,0.5
0.00 0.00 0.00 0.00 0.00 0.01 0.01 0.01 0.00 0.00 0.00 0.00 0.00 0.01 0.00 0.00 0.00 0.00 0.00 0.00 0.00 0.00 0.00 0.00 0.00,0.5
0.00 0.00 0.00 0.00 0.01 0.01 0.01 0.00 0.00 0.00 0.00 0.00 0.01 0.00 0.00 0.00 0.00 0.00 0.00 0.00 0.00 0.00 0.00 0.00 0.00,0.5
0.49 0.50 0.50 0.49 0.49 0.50 0.50 0.50 0.50 0.50 0.50 0.50 0.50 0.50 0.50 0.50 0.51 0.51 0.51 0.51 0.51 0.52 0.52 0.53 0.53,0.5
0.50 0.50 0.49 0.49 0.50 0.50 0.50 0.50 0.50 0.50 0.50 0.50 0.50 0.50 0.50 0.51 0.51 0.51 0.51 0.51 0.52 0.52 0.53 0.53 0.53,0.5
0.50 0.49 0.49 0.50 0.50 0.50 0.50 0.50 0.50 0.50 0.50 0.50 0.50 0.50 0.51 0.51 0.51 0.51 0.51 0.52 0.52 0.53 0.53 0.53 0.54,0.5
0.49 0.49 0.50 0.50 0.50 0.50 0.50 0.50 0.50 0.50 0.50 0.50 0.50 0.51 0.51 0.51 0.51 0.51 0.52 0.52 0.53 0.53 0.53 0.54 0.54,0.5
0.48 0.49 0.49 0.49 0.49 0.49 0.49 0.49 0.49 0.49 0.49 0.49 0.49 0.49 0.49 0.50 0.50 0.49 0.49 0.50 0.50 0.50 0.50 0.50 0.50,0.5
0.49 0.49 0.49 0.49 0.49 0.49 0.49 0.49 0.49 0.49 0.49 0.49 0.49 0.49 0.50 0.50 0.49 0.49 0.50 0.50 0.50 0.50 0.50 0.50 0.50,0.7
0.48 0.48 0.49 0.48 0.48 0.49 0.48 0.49 0.49 0.49 0.49 0.49 0.49 0.49 0.49 0.49 0.49 0.49 0.49 0.49 0.49 0.50 0.49 0.49 0.50,0.5
0.48 0.49 0.48 0.48 0.49 0.48 0.49 0.49 0.49 0.49 0.49 0.49 0.49 0.49 0.49 0.49 0.49 0.49 0.49 0.49 0.50 0.49 0.49 0.50 0.49,0.5
0.32 0.27 0.30 0.27 0.29 0.28 0.27 0.31 0.28 0.28 0.30 0.66 0.97 0.71 0.82 0.81 0.07 0.03 0.01 0.01 0.02 0.79 0.46 0.06 0.00,0.75
0.27 0.30 0.27 0.29 0.28 0.27 0.31 0.28 0.28 0.30 0.66 0.97 0.71 0.82 0.81 0.07 0.03 0.01 0.01 0.02 0.79 0.46 0.06 0.00 0.00,0.95
0.06 0.01 0.03 0.22 0.23 0.22 0.21 0.08 0.01 0.01 0.00 0.01 0.02 0.01 0.00 0.01 0.00 0.01 0.00 0.00 0.00 0.01 0.03 0.00 0.00,0.5
0.01 0.03 0.22 0.23 0.22 0.21 0.08 0.01 0.01 0.00 0.01 0.02 0.01 0.00 0.01 0.00 0.01 0.00 0.00 0.00 0.01 0.03 0.00 0.00 0.00,0.7
0.03 0.06 0.01 0.03 0.22 0.23 0.22 0.21 0.08 0.01 0.01 0.00 0.01 0.02 0.01 0.00 0.01 0.00 0.01 0.00 0.00 0.00 0.01 0.03 0.00,0.75
0.01 0.03 0.06 0.01 0.03 0.22 0.23 0.22 0.21 0.08 0.01 0.01 0.00 0.01 0.02 0.01 0.00 0.01 0.00 0.01 0.00 0.00 0.00 0.01 0.03,0.7
0.06 0.75 0.02 0.01 0.03 0.06 0.01 0.03 0.22 0.23 0.22 0.21 0.08 0.01 0.01 0.00 0.01 0.02 0.01 0.00 0.01 0.00 0.01 0.00 0.00,0.75
0.75 0.02 0.01 0.03 0.06 0.01 0.03 0.22 0.23 0.22 0.21 0.08 0.01 0.01 0.00 0.01 0.02 0.01 0.00 0.01 0.00 0.01 0.00 0.00 0.00,0.5
0.24 0.44 0.46 0.50 0.52 0.48 0.49 0.49 0.55 0.51 0.45 0.53 0.49 0.48 0.47 0.44 0.44 0.46 0.44 0.42 0.49 0.47 0.47 0.44 0.47,0.5
0.44 0.46 0.50 0.52 0.48 0.49 0.49 0.55 0.51 0.45 0.53 0.49 0.48 0.47 0.44 0.44 0.46 0.44 0.42 0.49 0.47 0.47 0.44 0.47 0.51,0.5
0.46 0.50 0.52 0.48 0.49 0.49 0.55 0.51 0.45 0.53 0.49 0.48 0.47 0.44 0.44 0.46 0.44 0.42 0.49 0.47 0.47 0.44 0.47 0.51 0.51,0.75
0.50 0.52 0.48 0.49 0.49 0.55 0.51 0.45 0.53 0.49 0.48 0.47 0.44 0.44 0.46 0.44 0.42 0.49 0.47 0.47 0.44 0.47 0.51 0.51 0.45,0.75
0.52 0.48 0.49 0.49 0.55 0.51 0.45 0.53 0.49 0.48 0.47 0.44 0.44 0.46 0.44 0.42 0.49 0.47 0.47 0.44 0.47 0.51 0.51 0.45 0.50,0.75
0.49 0.55 0.51 0.45 0.53 0.49 0.48 0.47 0.44 0.44 0.46 0.44 0.42 0.49 0.47 0.47 0.44 0.47 0.51 0.51 0.45 0.50 0.52 0.43 0.46,0.75
0.55 0.51 0.45 0.53 0.49 0.48 0.47 0.44 0.44 0.46 0.44 0.42 0.49 0.47 0.47 0.44 0.47 0.51 0.51 0.45 0.50 0.52 0.43 0.46 0.49,0.5
0.35 0.35 0.34 0.32 0.33 0.33 0.33 0.35 0.33 0.38 0.38 0.41 0.42 0.33 0.33 0.35 0.34 0.35 0.34 0.37 0.41 0.41 0.41 0.41 0.44,0.5
0.35 0.34 0.32 0.33 0.33 0.33 0.35 0.33 0.38 0.38 0.41 0.42 0.33 0.33 0.35 0.34 0.35 0.34 0.37 0.41 0.41 0.41 0.41 0.44 0.52,0.75
0.01 0.00 0.01 0.00 0.00 0.00 0.03 0.00 0.01 0.00 0.01 0.01 0.01 0.00 0.01 0.00 0.03 0.62 0.70 0.67 0.24 0.02 0.01 0.02 0.01,0.75
0.00 0.01 0.00 0.00 0.00 0.03 0.00 0.01 0.00 0.01 0.01 0.01 0.00 0.01 0.00 0.03 0.62 0.70 0.67 0.24 0.02 0.01 0.02 0.01 0.00,0.75
0.00 0.03 0.01 0.01 0.00 0.01 0.01 0.01 0.01 0.00 0.01 0.03 0.01 0.00 0.00 0.01 0.01 0.00 0.01 0.01 0.01 0.03 0.01 0.00 0.00,0.25
0.03 0.01 0.01 0.00 0.01 0.01 0.01 0.01 0.00 0.01 0.03 0.01 0.00 0.00 0.01 0.01 0.00 0.01 0.01 0.01 0.03 0.01 0.00 0.00 0.00,0.75
0.02 0.00 0.03 0.01 0.01 0.00 0.01 0.01 0.01 0.01 0.00 0.01 0.03 0.01 0.00 0.00 0.01 0.01 0.00 0.01 0.01 0.01 0.03 0.01 0.00,0.25
0.01 0.02 0.00 0.03 0.01 0.01 0.00 0.01 0.01 0.01 0.01 0.00 0.01 0.03 0.01 0.00 0.00 0.01 0.01 0.00 0.01 0.01 0.01 0.03 0.01,0.75
0.01 0.01 0.00 0.00 0.01 0.02 0.01 0.02 0.00 0.03 0.01 0.01 0.00 0.01 0.01 0.01 0.01 0.00 0.01 0.03 0.01 0.00 0.00 0.01 0.01,0.75
0.01 0.00 0.00 0.01 0.02 0.01 0.02 0.00 0.03 0.01 0.01 0.00 0.01 0.01 0.01 0.01 0.00 0.01 0.03 0.01 0.00 0.00 0.01 0.01 0.00,0.5
0.47 0.41 0.03 0.01 0.01 0.18 0.01 0.01 0.49 0.01 0.01 0.01 0.03 0.01 0.01 0.08 0.01 0.02 0.01 0.02 0.08 0.07 0.08 0.02 0.24,0.5
0.41 0.03 0.01 0.01 0.18 0.01 0.01 0.49 0.01 0.01 0.01 0.03 0.01 0.01 0.08 0.01 0.02 0.01 0.02 0.08 0.07 0.08 0.02 0.24 0.69,0.75
0.01 0.01 0.01 0.01 0.68 1.00 1.00 1.00 0.45 0.03 0.60 0.70 0.72 0.30 0.02 0.02 0.02 0.47 0.41 0.03 0.01 0.01 0.18 0.01 0.01,0.5
0.01 0.01 0.01 0.68 1.00 1.00 1.00 0.45 0.03 0.60 0.70 0.72 0.30 0.02 0.02 0.02 0.47 0.41 0.03 0.01 0.01 0.18 0.01 0.01 0.49,0.75
0.51 0.01 0.04 0.01 0.18 0.13 0.55 0.02 0.02 0.02 0.66 0.02 0.03 0.01 0.01 0.01 0.01 0.68 1.00 1.00 1.00 0.45 0.03 0.60 0.70,0.75
0.01 0.04 0.01 0.18 0.13 0.55 0.02 0.02 0.02 0.66 0.02 0.03 0.01 0.01 0.01 0.01 0.68 1.00 1.00 1.00 0.45 0.03 0.60 0.70 0.72,0.7
0.18 0.01 0.01 0.49 0.01 0.01 0.01 0.03 0.01 0.01 0.08 0.01 0.02 0.01 0.02 0.08 0.07 0.08 0.02 0.24 0.69 0.71 0.71 0.72 0.77,0.75
0.01 0.01 0.49 0.01 0.01 0.01 0.03 0.01 0.01 0.08 0.01 0.02 0.01 0.02 0.08 0.07 0.08 0.02 0.24 0.69 0.71 0.71 0.72 0.77 0.72,0.7
0.01 0.01 0.01 0.01 0.01 0.01 0.01 0.01 0.01 0.01 0.01 0.01 0.01 0.00 0.01 0.00 0.01 0.01 0.01 0.01 0.01 0.01 0.01 0.01 0.01,0.95
0.01 0.01 0.01 0.01 0.01 0.01 0.01 0.01 0.01 0.01 0.01 0.01 0.00 0.01 0.00 0.01 0.01 0.01 0.01 0.01 0.01 0.01 0.01 0.01 0.00,0.95
0.01 0.01 0.01 0.01 0.01 0.01 0.01 0.01 0.01 0.01 0.01 0.01 0.01 0.01 0.01 0.01 0.01 0.01 0.01 0.01 0.01 0.00 0.01 0.01 0.01,0.95
0.01 0.01 0.01 0.01 0.01 0.01 0.01 0.01 0.01 0.01 0.01 0.01 0.01 0.01 0.01 0.01 0.01 0.01 0.01 0.01 0.00 0.01 0.01 0.01 0.00,0.95
0.01 0.01 0.01 0.01 0.01 0.01 0.01 0.01 0.01 0.01 0.02 0.02 0.01 0.01 0.01 0.01 0.01 0.01 0.01 0.00 0.01 0.01 0.01 0.00 0.01,0.95
0.01 0.01 0.01 0.01 0.01 0.01 0.01 0.01 0.01 0.02 0.02 0.01 0.01 0.01 0.01 0.01 0.01 0.01 0.00 0.01 0.01 0.01 0.00 0.01 0.00,0.95
0.01 0.01 0.00 0.01 0.00 0.01 0.01 0.00 0.01 0.00 0.01 0.01 0.00 0.01 0.00 0.01 0.01 0.00 0.01 0.01 0.01 0.01 0.01 0.01 0.00,0.75
0.01 0.00 0.01 0.00 0.01 0.01 0.00 0.01 0.00 0.01 0.01 0.00 0.01 0.00 0.01 0.01 0.00 0.01 0.01 0.01 0.01 0.01 0.01 0.00 0.00,0.75
0.01 0.01 0.01 0.00 0.01 0.00 0.01 0.01 0.00 0.01 0.00 0.01 0.01 0.00 0.01 0.00 0.01 0.01 0.00 0.01 0.01 0.01 0.01 0.01 0.01,0.75
0.49 0.46 0.48 0.46 0.48 0.43 0.46 0.54 0.43 0.52 0.46 0.55 0.51 0.51 0.53 0.52 0.48 0.52 0.51 0.49 0.53 0.49 0.52 0.53 0.48,0.5
0.46 0.48 0.46 0.48 0.43 0.46 0.54 0.43 0.52 0.46 0.55 0.51 0.51 0.53 0.52 0.48 0.52 0.51 0.49 0.53 0.49 0.52 0.53 0.48 0.53,0.5
0.48 0.46 0.48 0.43 0.46 0.54 0.43 0.52 0.46 0.55 0.51 0.51 0.53 0.52 0.48 0.52 0.51 0.49 0.53 0.49 0.52 0.53 0.48 0.53 0.49,0.5
0.46 0.48 0.43 0.46 0.54 0.43 0.52 0.46 0.55 0.51 0.51 0.53 0.52 0.48 0.52 0.51 0.49 0.53 0.49 0.52 0.53 0.48 0.53 0.49 0.51,0.5
0.45 0.48 0.44 0.51 0.42 0.52 0.45 0.46 0.49 0.49 0.46 0.48 0.46 0.48 0.43 0.46 0.54 0.43 0.52 0.46 0.55 0.51 0.51 0.53 0.52,0.5
0.48 0.44 0.51 0.42 0.52 0.45 0.46 0.49 0.49 0.46 0.48 0.46 0.48 0.43 0.46 0.54 0.43 0.52 0.46 0.55 0.51 0.51 0.53 0.52 0.48,0.7
0.48 0.53 0.49 0.51 0.51 0.53 0.56 0.53 0.52 0.51 0.51 0.54 0.49 0.55 0.51 0.56 0.47 0.55 0.58 0.53 0.52 0.48 0.49 0.55 0.46,0.5
0.53 0.49 0.51 0.51 0.53 0.56 0.53 0.52 0.51 0.51 0.54 0.49 0.55 0.51 0.56 0.47 0.55 0.58 0.53 0.52 0.48 0.49 0.55 0.46 0.51,0.75
0.01 0.01 0.01 0.01 0.01 0.01 0.01 0.00 0.01 0.01 0.01 0.01 0.01 0.01 0.01 0.01 0.02 0.02 0.01 0.01 0.01 0.01 0.01 0.01 0.01,0.95
0.01 0.01 0.01 0.01 0.01 0.01 0.00 0.01 0.01 0.01 0.01 0.01 0.01 0.01 0.01 0.02 0.02 0.01 0.01 0.01 0.01 0.01 0.01 0.01 0.00,0.75
0.01 0.01 0.01 0.01 0.01 0.01 0.01 0.01 0.01 0.01 0.01 0.01 0.00 0.01 0.00 0.01 0.01 0.01 0.01 0.01 0.00 0.01 0.01 0.00 0.01,0.75
0.01 0.01 0.01 0.01 0.01 0.01 0.01 0.01 0.01 0.01 0.01 0.00 0.01 0.00 0.01 0.01 0.01 0.01 0.01 0.00 0.01 0.01 0.00 0.01 0.00,0.95
0.01 0.01 0.01 0.01 0.01 0.01 0.01 0.01 0.01 0.01 0.00 0.01 0.00 0.01 0.01 0.01 0.01 0.01 0.01 0.01 0.01 0.00 0.01 0.01 0.01,0.75
0.01 0.01 0.01 0.01 0.01 0.01 0.01 0.01 0.01 0.00 0.01 0.00 0.01 0.01 0.01 0.01 0.01 0.01 0.01 0.01 0.00 0.01 0.01 0.01 0.00,0.75
0.49 0.51 0.51 0.53 0.56 0.53 0.52 0.51 0.51 0.54 0.49 0.55 0.51 0.56 0.47 0.55 0.58 0.53 0.52 0.48 0.49 0.55 0.46 0.51 0.58,0.5
0.99 1.00 0.99 0.99 0.98 1.00 0.99 0.99 0.99 0.95 0.95 0.91 0.94 0.98 0.99 0.98 0.99 0.97 1.00 1.00 0.99 0.97 0.98 0.82 0.26,0.95
1.00 0.99 0.99 0.98 1.00 0.99 0.99 0.99 0.95 0.95 0.91 0.94 0.98 0.99 0.98 0.99 0.97 1.00 1.00 0.99 0.97 0.98 0.82 0.26 0.00,0.95
0.99 0.99 0.98 1.00 0.99 0.99 0.99 0.95 0.95 0.91 0.94 0.98 0.99 0.98 0.99 0.97 1.00 1.00 0.99 0.97 0.98 0.82 0.26 0.00 0.00,0.95
0.99 0.98 1.00 0.99 0.99 0.99 0.95 0.95 0.91 0.94 0.98 0.99 0.98 0.99 0.97 1.00 1.00 0.99 0.97 0.98 0.82 0.26 0.00 0.00 0.00,0.95
0.98 1.00 0.99 0.99 0.99 0.95 0.95 0.91 0.94 0.98 0.99 0.98 0.99 0.97 1.00 1.00 0.99 0.97 0.98 0.82 0.26 0.00 0.00 0.00 0.00,0.75
1.00 0.99 0.99 0.99 0.95 0.95 0.91 0.94 0.98 0.99 0.98 0.99 0.97 1.00 1.00 0.99 0.97 0.98 0.82 0.26 0.00 0.00 0.00 0.00 0.00,0.75
0.99 0.99 0.99 0.95 0.95 0.91 0.94 0.98 0.99 0.98 0.99 0.97 1.00 1.00 0.99 0.97 0.98 0.82 0.26 0.00 0.00 0.00 0.00 0.00 0.00,0.95
0.11 0.10 0.10 0.12 0.09 0.12 0.11 0.10 0.18 0.71 0.94 0.97 0.93 0.98 0.96 0.99 1.00 0.99 0.99 0.98 1.00 0.99 0.99 0.99 0.95,0.5
0.10 0.10 0.12 0.09 0.12 0.11 0.10 0.18 0.71 0.94 0.97 0.93 0.98 0.96 0.99 1.00 0.99 0.99 0.98 1.00 0.99 0.99 0.99 0.95 0.95,0.5
0.09 0.11 0.10 0.10 0.12 0.09 0.12 0.11 0.10 0.18 0.71 0.94 0.97 0.93 0.98 0.96 0.99 1.00 0.99 0.99 0.98 1.00 0.99 0.99 0.99,0.5
0.10 0.09 0.11 0.10 0.10 0.12 0.09 0.12 0.11 0.10 0.18 0.71 0.94 0.97 0.93 0.98 0.96 0.99 1.00 0.99 0.99 0.98 1.00 0.99 0.99,0.7
0.41 0.34 0.42 0.38 0.38 0.37 0.38 0.42 0.37 0.37 0.34 0.37 0.38 0.37 0.39 0.39 0.40 0.38 0.40 0.40 0.41 0.45 0.46 0.46 0.51,0.75
0.34 0.42 0.38 0.38 0.37 0.38 0.42 0.37 0.37 0.34 0.37 0.38 0.37 0.39 0.39 0.40 0.38 0.40 0.40 0.41 0.45 0.46 0.46 0.51 0.48,0.5
0.11 0.10 0.09 0.10 0.09 0.10 0.11 0.10 0.10 0.09 0.11 0.10 0.10 0.12 0.09 0.12 0.11 0.10 0.18 0.71 0.94 0.97 0.93 0.98 0.96,0.7
0.10 0.09 0.10 0.09 0.10 0.11 0.10 0.10 0.09 0.11 0.10 0.10 0.12 0.09 0.12 0.11 0.10 0.18 0.71 0.94 0.97 0.93 0.98 0.96 0.99,0.7
0.09 0.10 0.09 0.10 0.11 0.10 0.10 0.09 0.11 0.10 0.10 0.12 0.09 0.12 0.11 0.10 0.18 0.71 0.94 0.97 0.93 0.98 0.96 0.99 1.00,0.7
0.01 0.02 0.01 0.02 0.01 0.01 0.01 0.01 0.01 0.01 0.01 0.01 0.01 0.01 0.01 0.01 0.00 0.01 0.01 0.01 0.01 0.01 0.01 0.01 0.01,0.95
0.02 0.01 0.02 0.01 0.01 0.01 0.01 0.01 0.01 0.01 0.01 0.01 0.01 0.01 0.01 0.00 0.01 0.01 0.01 0.01 0.01 0.01 0.01 0.01 0.00,0.75
0.01 0.01 0.00 0.01 0.01 0.01 0.01 0.00 0.01 0.01 0.01 0.01 0.00 0.00 0.00 0.01 0.01 0.01 0.01 0.02 0.00 0.01 0.00 0.00 0.00,0.75
0.01 0.00 0.01 0.01 0.01 0.01 0.00 0.01 0.01 0.01 0.01 0.00 0.00 0.00 0.01 0.01 0.01 0.01 0.02 0.00 0.01 0.00 0.00 0.00 0.00,0.75
0.00 0.01 0.01 0.00 0.01 0.01 0.01 0.01 0.00 0.01 0.01 0.01 0.01 0.00 0.00 0.00 0.01 0.01 0.01 0.01 0.02 0.00 0.01 0.00 0.00,0.5
0.01 0.00 0.01 0.01 0.00 0.01 0.01 0.01 0.01 0.00 0.01 0.01 0.01 0.01 0.00 0.00 0.00 0.01 0.01 0.01 0.01 0.02 0.00 0.01 0.00,0.75
0.01 0.01 0.00 0.01 0.01 0.00 0.01 0.01 0.01 0.01 0.00 0.01 0.01 0.01 0.01 0.00 0.00 0.00 0.01 0.01 0.01 0.01 0.02 0.00 0.01,0.75
0.00 0.01 0.01 0.01 0.01 0.01 0.01 0.01 0.01 0.01 0.01 0.01 0.01 0.01 0.01 0.01 0.01 0.01 0.02 0.01 0.01 0.01 0.01 0.71 1.00,0.95
0.01 0.01 0.01 0.01 0.01 0.01 0.01 0.01 0.01 0.01 0.01 0.01 0.01 0.01 0.01 0.01 0.01 0.02 0.01 0.01 0.01 0.01 0.71 1.00 1.00,0.95
0.01 0.01 0.00 0.01 0.01 0.01 0.01 0.01 0.01 0.01 0.01 0.01 0.01 0.01 0.01 0.01 0.01 0.01 0.01 0.01 0.02 0.01 0.01 0.01 0.01,0.25
0.01 0.00 0.01 0.01 0.01 0.01 0.01 0.01 0.01 0.01 0.01 0.01 0.01 0.01 0.01 0.01 0.01 0.01 0.01 0.02 0.01 0.01 0.01 0.01 0.71,0.95
0.04 0.03 0.04 0.03 0.03 0.03 0.04 0.05 0.04 0.04 0.04 0.04 0.05 0.04 0.04 0.04 0.04 0.04 0.04 0.04 0.04 0.04 0.05 0.76 1.00,0.95
0.03 0.04 0.03 0.03 0.03 0.04 0.05 0.04 0.04 0.04 0.04 0.05 0.04 0.04 0.04 0.04 0.04 0.04 0.04 0.04 0.04 0.05 0.76 1.00 1.00,0.95
0.03 0.03 0.03 0.03 0.03 0.03 0.03 0.03 0.04 0.03 0.04 0.05 0.05 0.05 0.05 0.05 0.05 0.04 0.05 0.04 0.06 0.04 0.04 0.42 1.00,0.95
0.03 0.03 0.03 0.03 0.03 0.03 0.03 0.04 0.03 0.04 0.05 0.05 0.05 0.05 0.05 0.05 0.04 0.05 0.04 0.06 0.04 0.04 0.42 1.00 1.00,0.95
0.03 0.03 0.03 0.03 0.03 0.03 0.04 0.03 0.04 0.05 0.05 0.05 0.05 0.05 0.05 0.04 0.05 0.04 0.06 0.04 0.04 0.42 1.00 1.00 1.00,0.75
0.01 0.01 0.01 0.00 0.01 0.01 0.01 0.01 0.01 0.02 0.01 0.01 0.01 0.01 0.02 0.01 0.00 0.01 0.01 0.01 0.01 0.00 0.00 0.00 0.01,0.75
0.01 0.01 0.00 0.01 0.01 0.01 0.01 0.01 0.02 0.01 0.01 0.01 0.01 0.02 0.01 0.00 0.01 0.01 0.01 0.01 0.00 0.00 0.00 0.01 0.00,0.75
0.01 0.01 0.01 0.01 0.01 0.00 0.00 0.01 0.00 0.00 0.00 0.00 0.01 0.01 0.00 0.00 0.00 0.01 0.00 0.00 0.00 0.00 0.01 0.01 0.00,0.5
0.01 0.01 0.01 0.01 0.00 0.00 0.01 0.00 0.00 0.00 0.00 0.01 0.01 0.00 0.00 0.00 0.01 0.00 0.00 0.00 0.00 0.01 0.01 0.00 0.00,0.5
0.01 0.01 0.01 0.01 0.01 0.01 0.00 0.00 0.01 0.00 0.00 0.00 0.00 0.01 0.01 0.00 0.00 0.00 0.01 0.00 0.00 0.00 0.00 0.01 0.01,0.5
0.01 0.01 0.02 0.01 0.02 0.01 0.01 0.02 0.02 0.02 0.01 0.01 0.04 0.01 0.01 0.01 0.01 0.01 0.01 0.01 0.01 0.01 0.02 0.00 0.01,0.75
0.01 0.02 0.01 0.02 0.01 0.01 0.02 0.02 0.02 0.01 0.01 0.04 0.01 0.01 0.01 0.01 0.01 0.01 0.01 0.01 0.01 0.02 0.00 0.01 0.00,0.75
0.01 0.01 0.01 0.01 0.01 0.00 0.01 0.01 0.00 0.00 0.00 0.01 0.01 0.01 0.01 0.00 0.01 0.01 0.01 0.01 0.01 0.01 0.01 0.00 0.01,0.75
0.01 0.01 0.01 0.01 0.00 0.01 0.01 0.00 0.00 0.00 0.01 0.01 0.01 0.01 0.00 0.01 0.01 0.01 0.01 0.01 0.01 0.01 0.00 0.01 0.00,0.75
0.01 0.01 0.01 0.01 0.01 0.01 0.01 0.01 0.01 0.01 0.01 0.01 0.01 0.01 0.01 0.01 0.02 0.01 0.01 0.01 0.01 0.71 1.00 1.00 1.00,0.75
0.01 0.01 0.01 0.01 0.01 0.01 0.01 0.01 0.01 0.01 0.01 0.01 0.01 0.01 0.01 0.02 0.01 0.01 0.01 0.01 0.71 1.00 1.00 1.00 1.00,0.95
0.01 0.01 0.01 0.01 0.01 0.01 0.02 0.01 0.01 0.01 0.01 0.02 0.01 0.01 0.01 0.01 0.02 0.01 0.01 0.40 1.00 1.00 1.00 1.00 1.00,0.5
0.01 0.01 0.01 0.01 0.01 0.02 0.01 0.01 0.01 0.01 0.02 0.01 0.01 0.01 0.01 0.02 0.01 0.01 0.40 1.00 1.00 1.00 1.00 1.00 1.00,0.5
0.02 0.01 0.02 0.01 0.01 0.01 0.01 0.01 0.01 0.01 0.01 0.02 0.01 0.01 0.01 0.01 0.02 0.01 0.01 0.01 0.01 0.02 0.01 0.01 0.40,0.95
0.01 0.02 0.01 0.01 0.01 0.01 0.01 0.01 0.01 0.01 0.02 0.01 0.01 0.01 0.01 0.02 0.01 0.01 0.01 0.01 0.02 0.01 0.01 0.40 1.00,0.95
0.02 0.02 0.02 0.04 0.02 0.01 0.02 0.02 0.04 0.02 0.04 0.02 0.02 0.04 0.04 0.05 0.02 0.02 0.02 0.01 0.02 0.02 0.02 0.01 0.01,0.75
0.02 0.02 0.04 0.02 0.01 0.02 0.02 0.04 0.02 0.04 0.02 0.02 0.04 0.04 0.05 0.02 0.02 0.02 0.01 0.02 0.02 0.02 0.01 0.01 0.00,0.7
0.04 0.02 0.04 0.02 0.02 0.02 0.04 0.02 0.04 0.05 0.01 0.02 0.02 0.02 0.02 0.04 0.02 0.02 0.01 0.01 0.01 0.04 0.02 0.01 0.05,0.75
0.02 0.04 0.02 0.02 0.02 0.04 0.02 0.04 0.05 0.01 0.02 0.02 0.02 0.02 0.04 0.02 0.02 0.01 0.01 0.01 0.04 0.02 0.01 0.05 0.00,0.5
0.05 0.04 0.02 0.05 0.05 0.04 0.02 0.04 0.02 0.02 0.02 0.02 0.02 0.04 0.02 0.02 0.01 0.04 0.02 0.05 0.02 0.02 0.02 0.04 0.02,0.5
0.04 0.02 0.05 0.05 0.04 0.02 0.04 0.02 0.02 0.02 0.02 0.02 0.04 0.02 0.02 0.01 0.04 0.02 0.05 0.02 0.02 0.02 0.04 0.02 0.01,0.5
0.06 0.06 0.04 0.04 0.04 0.05 0.04 0.02 0.04 0.02 0.04 0.04 0.02 0.02 0.01 0.04 0.06 0.02 0.02 0.02 0.02 0.01 0.01 0.02 0.01,0.75
0.06 0.04 0.04 0.04 0.05 0.04 0.02 0.04 0.02 0.04 0.04 0.02 0.02 0.01 0.04 0.06 0.02 0.02 0.02 0.02 0.01 0.01 0.02 0.01 0.01,0.75
0.04 0.06 0.06 0.04 0.04 0.04 0.05 0.04 0.02 0.04 0.02 0.04 0.04 0.02 0.02 0.01 0.04 0.06 0.02 0.02 0.02 0.02 0.01 0.01 0.02,0.75
0.91 0.90 0.89 0.90 0.91 0.94 0.90 0.90 0.89 0.89 0.90 0.89 0.89 0.90 0.90 0.89 0.91 0.90 0.89 0.91 0.91 0.89 0.90 0.90 0.90,0.75
0.90 0.89 0.90 0.91 0.94 0.90 0.90 0.89 0.89 0.90 0.89 0.89 0.90 0.90 0.89 0.91 0.90 0.89 0.91 0.91 0.89 0.90 0.90 0.90 0.90,0.75
0.91 0.91 0.90 0.89 0.90 0.91 0.94 0.90 0.90 0.89 0.89 0.90 0.89 0.89 0.90 0.90 0.89 0.91 0.90 0.89 0.91 0.91 0.89 0.90 0.90,0.75
0.90 0.91 0.91 0.90 0.89 0.90 0.91 0.94 0.90 0.90 0.89 0.89 0.90 0.89 0.89 0.90 0.90 0.89 0.91 0.90 0.89 0.91 0.91 0.89 0.90,0.75
0.94 0.90 0.90 0.89 0.89 0.90 0.89 0.89 0.90 0.90 0.89 0.91 0.90 0.89 0.91 0.91 0.89 0.90 0.90 0.90 0.90 0.90 0.89 0.91 0.89,0.75
0.90 0.90 0.89 0.89 0.90 0.89 0.89 0.90 0.90 0.89 0.91 0.90 0.89 0.91 0.91 0.89 0.90 0.90 0.90 0.90 0.90 0.89 0.91 0.89 0.89,0.7
0.95 0.95 0.94 0.95 0.96 0.95 0.95 0.95 0.96 0.96 0.96 0.95 0.96 0.96 0.95 0.96 0.96 0.94 0.95 0.96 0.95 0.95 0.95 0.95 0.98,0.95
0.95 0.94 0.95 0.96 0.95 0.95 0.95 0.96 0.96 0.96 0.95 0.96 0.96 0.95 0.96 0.96 0.94 0.95 0.96 0.95 0.95 0.95 0.95 0.98 0.96,0.75
0.02 0.04 0.02 0.02 0.04 0.04 0.05 0.02 0.02 0.02 0.01 0.02 0.02 0.02 0.01 0.01 0.00 0.01 0.01 0.05 0.02 0.04 0.01 0.02 0.02,0.75
0.04 0.02 0.02 0.04 0.04 0.05 0.02 0.02 0.02 0.01 0.02 0.02 0.02 0.01 0.01 0.00 0.01 0.01 0.05 0.02 0.04 0.01 0.02 0.02 0.01,0.75
0.02 0.02 0.02 0.01 0.01 0.02 0.01 0.01 0.01 0.01 0.02 0.01 0.05 0.01 0.02 0.02 0.01 0.02 0.02 0.01 0.02 0.01 0.02 0.01 0.02,0.75
0.02 0.02 0.01 0.01 0.02 0.01 0.01 0.01 0.01 0.02 0.01 0.05 0.01 0.02 0.02 0.01 0.02 0.02 0.01 0.02 0.01 0.02 0.01 0.02 0.01,0.75
0.02 0.02 0.02 0.01 0.01 0.00 0.01 0.01 0.05 0.02 0.04 0.01 0.02 0.02 0.01 0.01 0.01 0.02 0.02 0.01 0.02 0.04 0.04 0.04 0.05,0.75
0.02 0.02 0.01 0.01 0.00 0.01 0.01 0.05 0.02 0.04 0.01 0.02 0.02 0.01 0.01 0.01 0.02 0.02 0.01 0.02 0.04 0.04 0.04 0.05 0.01,0.75
0.90 0.91 0.94 0.90 0.90 0.89 0.89 0.90 0.89 0.89 0.90 0.90 0.89 0.91 0.90 0.89 0.91 0.91 0.89 0.90 0.90 0.90 0.90 0.90 0.89,0.75
0.91 0.94 0.90 0.90 0.89 0.89 0.90 0.89 0.89 0.90 0.90 0.89 0.91 0.90 0.89 0.91 0.91 0.89 0.90 0.90 0.90 0.90 0.90 0.89 0.91,0.75
0.89 0.90 0.91 0.94 0.90 0.90 0.89 0.89 0.90 0.89 0.89 0.90 0.90 0.89 0.91 0.90 0.89 0.91 0.91 0.89 0.90 0.90 0.90 0.90 0.90,0.5
0.95 0.95 0.95 0.94 0.95 0.95 0.95 0.95 0.94 0.95 0.94 0.95 0.95 0.94 0.95 0.95 0.94 0.94 0.95 0.94 0.95 0.95 0.94 0.95 0.95,0.75
0.95 0.95 0.94 0.95 0.95 0.95 0.95 0.94 0.95 0.94 0.95 0.95 0.94 0.95 0.95 0.94 0.94 0.95 0.94 0.95 0.95 0.94 0.95 0.95 0.95,0.75
0.01 0.00 0.00 0.01 0.00 0.00 0.00 0.00 0.00 0.00 0.00 0.00 0.00 0.01 0.01 0.01 0.00 0.00 0.00 0.00 0.00 0.00 0.00 0.00 0.00,0.75
0.00 0.00 0.01 0.00 0.00 0.00 0.00 0.00 0.00 0.00 0.00 0.00 0.01 0.01 0.01 0.00 0.00 0.00 0.00 0.00 0.00 0.00 0.00 0.00 0.00,0.5
0.01 0.01 0.01 0.01 0.01 0.01 0.01 0.01 0.01 0.01 0.01 0.01 0.01 0.01 0.01 0.01 0.01 0.01 0.01 0.01 0.01 0.01 0.01 0.01 0.00,0.95
0.01 0.01 0.01 0.01 0.01 0.01 0.01 0.01 0.01 0.01 0.01 0.01 0.01 0.01 0.01 0.01 0.01 0.01 0.01 0.01 0.01 0.01 0.01 0.00 0.00,0.95
0.01 0.01 0.01 0.01 0.01 0.01 0.01 0.01 0.01 0.01 0.01 0.01 0.01 0.01 0.01 0.01 0.01 0.01 0.01 0.01 0.01 0.01 0.01 0.01 0.01,0.0
0.00 0.01 0.01 0.00 0.01 0.01 0.00 0.00 0.00 0.00 0.00 0.01 0.01 0.01 0.01 0.01 0.01 0.00 0.01 0.01 0.00 0.00 0.00 0.01 0.00,0.5
0.01 0.01 0.00 0.01 0.01 0.00 0.00 0.00 0.00 0.00 0.01 0.01 0.01 0.01 0.01 0.01 0.00 0.01 0.01 0.00 0.00 0.00 0.01 0.00 0.00,0.75
0.01 0.00 0.01 0.01 0.00 0.00 0.00 0.00 0.00 0.01 0.01 0.01 0.01 0.01 0.01 0.00 0.01 0.01 0.00 0.00 0.00 0.01 0.00 0.00 0.00,0.5
0.02 0.02 0.04 0.02 0.03 0.03 0.02 0.02 0.02 0.02 0.02 0.02 0.02 0.02 0.02 0.02 0.02 0.02 0.02 0.42 0.66 0.25 0.31 0.55 0.61,0.95
0.02 0.04 0.02 0.03 0.03 0.02 0.02 0.02 0.02 0.02 0.02 0.02 0.02 0.02 0.02 0.02 0.02 0.02 0.42 0.66 0.25 0.31 0.55 0.61 0.66,0.95
0.04 0.02 0.03 0.03 0.02 0.02 0.02 0.02 0.02 0.02 0.02 0.02 0.02 0.02 0.02 0.02 0.02 0.42 0.66 0.25 0.31 0.55 0.61 0.66 0.73,0.95
0.02 0.03 0.03 0.02 0.02 0.02 0.02 0.02 0.02 0.02 0.02 0.02 0.02 0.02 0.02 0.02 0.42 0.66 0.25 0.31 0.55 0.61 0.66 0.73 0.61,0.75
0.07 0.08 0.08 0.08 0.07 0.07 0.06 0.07 0.07 0.07 0.06 0.07 0.07 0.07 0.06 0.07 0.07 0.07 0.06 0.05 0.05 0.05 0.12 0.88 0.90,0.95
0.08 0.08 0.08 0.07 0.07 0.06 0.07 0.07 0.07 0.06 0.07 0.07 0.07 0.06 0.07 0.07 0.07 0.06 0.05 0.05 0.05 0.12 0.88 0.90 0.84,0.75
0.02 0.02 0.02 0.04 0.02 0.03 0.03 0.02 0.02 0.02 0.02 0.02 0.02 0.02 0.02 0.02 0.02 0.02 0.02 0.02 0.42 0.66 0.25 0.31 0.55,0.95
0.00 0.01 0.00 0.00 0.00 0.00 0.00 0.00 0.00 0.00 0.00 0.01 0.01 0.01 0.00 0.00 0.00 0.00 0.00 0.00 0.00 0.00 0.00 0.00 0.00,0.5
0.02 0.02 0.01 0.01 0.01 0.01 0.01 0.01 0.01 0.01 0.01 0.01 0.01 0.01 0.01 0.01 0.01 0.01 0.01 0.01 0.01 0.01 0.01 0.00 0.01,0.75
0.02 0.01 0.01 0.01 0.01 0.01 0.01 0.01 0.01 0.01 0.01 0.01 0.01 0.01 0.01 0.01 0.01 0.01 0.01 0.01 0.01 0.01 0.00 0.01 0.00,0.95
0.01 0.01 0.01 0.01 0.01 0.01 0.01 0.01 0.01 0.01 0.01 0.01 0.01 0.01 0.01 0.01 0.01 0.01 0.01 0.01 0.01 0.00 0.01 0.00 0.00,0.95
0.01 0.01 0.01 0.01 0.01 0.01 0.01 0.01 0.01 0.01 0.01 0.01 0.01 0.01 0.01 0.01 0.01 0.00 0.01 0.00 0.00 0.00 0.00 0.01 0.00,0.95
0.01 0.01 0.01 0.01 0.01 0.01 0.01 0.01 0.01 0.01 0.01 0.01 0.01 0.01 0.01 0.01 0.00 0.01 0.00 0.00 0.00 0.00 0.01 0.00 0.00,0.75
0.01 0.01 0.01 0.01 0.01 0.01 0.01 0.01 0.01 0.01 0.01 0.01 0.01 0.01 0.01 0.01 0.01 0.01 0.00 0.01 0.00 0.00 0.00 0.00 0.01,0.95
0.03 0.03 0.03 0.03 0.02 0.02 0.02 0.02 0.02 0.03 0.02 0.02 0.02 0.02 0.02 0.02 0.02 0.21 0.63 0.76 0.49 0.61 0.77 0.84 0.84,0.75
0.03 0.03 0.03 0.02 0.02 0.02 0.02 0.02 0.03 0.02 0.02 0.02 0.02 0.02 0.02 0.02 0.21 0.63 0.76 0.49 0.61 0.77 0.84 0.84 0.57,0.7
0.03 0.03 0.02 0.02 0.02 0.02 0.02 0.03 0.02 0.02 0.02 0.02 0.02 0.02 0.02 0.21 0.63 0.76 0.49 0.61 0.77 0.84 0.84 0.57 0.67,0.7
0.03 0.02 0.02 0.02 0.02 0.02 0.03 0.02 0.02 0.02 0.02 0.02 0.02 0.02 0.21 0.63 0.76 0.49 0.61 0.77 0.84 0.84 0.57 0.67 0.84,0.7
0.03 0.03 0.02 0.02 0.03 0.02 0.02 0.02 0.02 0.02 0.02 0.02 0.02 0.02 0.02 0.09 0.06 0.18 0.48 0.55 0.30 0.39 0.27 0.53 0.55,0.7
0.03 0.02 0.02 0.03 0.02 0.02 0.02 0.02 0.02 0.02 0.02 0.02 0.02 0.02 0.09 0.06 0.18 0.48 0.55 0.30 0.39 0.27 0.53 0.55 0.49,0.7
0.02 0.02 0.03 0.02 0.02 0.02 0.02 0.02 0.02 0.02 0.21 0.63 0.76 0.49 0.61 0.77 0.84 0.84 0.57 0.67 0.84 0.99 1.00 1.00 1.00,0.5
0.02 0.03 0.02 0.02 0.02 0.02 0.02 0.02 0.02 0.21 0.63 0.76 0.49 0.61 0.77 0.84 0.84 0.57 0.67 0.84 0.99 1.00 1.00 1.00 1.00,0.5
0.01 0.01 0.02 0.02 0.02 0.02 0.03 0.02 0.02 0.01 0.01 0.01 0.02 0.02 0.02 0.02 0.02 0.02 0.02 0.02 0.02 0.01 0.02 0.02 0.02,0.5
0.01 0.02 0.02 0.02 0.02 0.03 0.02 0.02 0.01 0.01 0.01 0.02 0.02 0.02 0.02 0.02 0.02 0.02 0.02 0.02 0.01 0.02 0.02 0.02 0.01,0.5
0.01 0.02 0.02 0.02 0.02 0.02 0.01 0.02 0.02 0.02 0.01 0.02 0.01 0.01 0.01 0.02 0.02 0.02 0.03 0.02 0.02 0.02 0.02 0.02 0.02,0.5
0.02 0.02 0.02 0.02 0.02 0.01 0.02 0.02 0.02 0.01 0.02 0.01 0.01 0.01 0.02 0.02 0.02 0.03 0.02 0.02 0.02 0.02 0.02 0.02 0.01,0.75
0.02 0.02 0.02 0.02 0.03 0.03 0.02 0.03 0.02 0.02 0.01 0.02 0.02 0.02 0.01 0.02 0.01 0.03 0.03 0.02 0.01 0.02 0.03 0.03 0.02,0.7
0.02 0.02 0.02 0.03 0.03 0.02 0.03 0.02 0.02 0.01 0.02 0.02 0.02 0.01 0.02 0.01 0.03 0.03 0.02 0.01 0.02 0.03 0.03 0.02 0.01,0.5
0.02 0.01 0.02 0.02 0.02 0.01 0.02 0.01 0.01 0.01 0.02 0.02 0.02 0.03 0.02 0.02 0.02 0.02 0.02 0.02 0.01 0.02 0.02 0.02 0.03,0.5
0.01 0.02 0.02 0.02 0.01 0.02 0.01 0.01 0.01 0.02 0.02 0.02 0.03 0.02 0.02 0.02 0.02 0.02 0.02 0.01 0.02 0.02 0.02 0.03 0.01,0.5
0.03 0.02 0.02 0.02 0.02 0.02 0.02 0.02 0.02 0.03 0.03 0.02 0.03 0.02 0.02 0.01 0.02 0.02 0.02 0.01 0.02 0.01 0.03 0.03 0.02,0.75
0.02 0.02 0.02 0.02 0.02 0.02 0.02 0.02 0.03 0.03 0.02 0.03 0.02 0.02 0.01 0.02 0.02 0.02 0.01 0.02 0.01 0.03 0.03 0.02 0.01,0.75
0.27 0.26 0.19 0.22 0.19 0.35 0.57 0.55 0.56 0.57 0.56 0.59 0.56 0.56 0.56 0.57 0.57 0.57 0.56 0.57 0.56 0.59 0.57 0.57 0.59,0.7
0.26 0.19 0.22 0.19 0.35 0.57 0.55 0.56 0.57 0.56 0.59 0.56 0.56 0.56 0.57 0.57 0.57 0.56 0.57 0.56 0.59 0.57 0.57 0.59 0.59,0.5
0.22 0.27 0.26 0.19 0.22 0.19 0.35 0.57 0.55 0.56 0.57 0.56 0.59 0.56 0.56 0.56 0.57 0.57 0.57 0.56 0.57 0.56 0.59 0.57 0.57,0.25
0.31 0.22 0.27 0.26 0.19 0.22 0.19 0.35 0.57 0.55 0.56 0.57 0.56 0.59 0.56 0.56 0.56 0.57 0.57 0.57 0.56 0.57 0.56 0.59 0.57,0.25
0.57 0.57 0.59 0.59 0.57 0.56 0.56 0.57 0.59 0.57 0.57 0.57 0.57 0.55 0.57 0.57 0.57 0.56 0.59 0.59 0.59 0.56 0.57 0.59 0.59,0.75
0.57 0.59 0.59 0.57 0.56 0.56 0.57 0.59 0.57 0.57 0.57 0.57 0.55 0.57 0.57 0.57 0.56 0.59 0.59 0.59 0.56 0.57 0.59 0.59 0.57,0.75
0.24 0.26 0.24 0.23 0.50 0.20 0.30 0.39 0.56 0.20 0.30 0.60 0.60 0.61 0.61 0.60 0.61 0.60 0.60 0.60 0.60 0.59 0.57 0.59 0.60,0.25
0.26 0.24 0.23 0.50 0.20 0.30 0.39 0.56 0.20 0.30 0.60 0.60 0.61 0.61 0.60 0.61 0.60 0.60 0.60 0.60 0.59 0.57 0.59 0.60 0.61,0.25
0.01 0.00 0.01 0.00 0.01 0.00 0.01 0.01 0.01 0.00 0.00 0.00 0.01 0.01 0.00 0.00 0.01 0.01 0.00 0.00 0.01 0.00 0.01 0.01 0.01,0.5
0.00 0.01 0.00 0.01 0.00 0.01 0.01 0.01 0.00 0.00 0.00 0.01 0.01 0.00 0.00 0.01 0.01 0.00 0.00 0.01 0.00 0.01 0.01 0.01 0.00,0.5
0.01 0.01 0.01 0.00 0.01 0.00 0.01 0.01 0.02 0.01 0.01 0.00 0.01 0.02 0.02 0.02 0.02 0.01 0.01 0.01 0.00 0.01 0.00 0.00 0.01,0.75
0.01 0.01 0.00 0.01 0.00 0.01 0.01 0.02 0.01 0.01 0.00 0.01 0.02 0.02 0.02 0.02 0.01 0.01 0.01 0.00 0.01 0.00 0.00 0.01 0.00,0.75
0.00 0.00 0.00 0.00 0.00 0.01 0.01 0.00 0.01 0.00 0.01 0.01 0.00 0.00 0.01 0.00 0.01 0.00 0.00 0.00 0.01 0.00 0.00 0.00 0.00,0.5
0.00 0.00 0.00 0.00 0.01 0.01 0.00 0.01 0.00 0.01 0.01 0.00 0.00 0.01 0.00 0.01 0.00 0.00 0.00 0.01 0.00 0.00 0.00 0.00 0.00,0.5
0.00 0.01 0.01 0.01 0.01 0.01 0.01 0.01 0.01 0.01 0.01 0.02 0.00 0.02 0.02 0.01 0.01 0.01 0.02 0.01 0.00 0.00 0.00 0.00 0.00,0.5
0.01 0.01 0.01 0.01 0.01 0.01 0.01 0.01 0.01 0.01 0.02 0.00 0.02 0.02 0.01 0.01 0.01 0.02 0.01 0.00 0.00 0.00 0.00 0.00 0.00,0.75
0.02 0.01 0.01 0.01 0.01 0.01 0.02 0.00 0.00 0.01 0.02 0.01 0.00 0.01 0.01 0.01 0.01 0.00 0.02 0.01 0.01 0.01 0.01 0.02 0.01,0.5
0.01 0.01 0.01 0.01 0.01 0.02 0.00 0.00 0.01 0.02 0.01 0.00 0.01 0.01 0.01 0.01 0.00 0.02 0.01 0.01 0.01 0.01 0.02 0.01 0.00,0.7
0.67 0.68 0.67 0.68 0.66 0.68 0.68 0.71 0.68 0.70 0.69 0.73 0.72 0.71 0.71 0.75 0.73 0.73 0.73 0.73 0.73 0.75 0.74 0.74 0.75,0.5
0.68 0.67 0.68 0.66 0.68 0.68 0.71 0.68 0.70 0.69 0.73 0.72 0.71 0.71 0.75 0.73 0.73 0.73 0.73 0.73 0.75 0.74 0.74 0.75 0.77,0.5
0.67 0.68 0.66 0.68 0.68 0.71 0.68 0.70 0.69 0.73 0.72 0.71 0.71 0.75 0.73 0.73 0.73 0.73 0.73 0.75 0.74 0.74 0.75 0.77 0.74,0.25
0.68 0.66 0.68 0.68 0.71 0.68 0.70 0.69 0.73 0.72 0.71 0.71 0.75 0.73 0.73 0.73 0.73 0.73 0.75 0.74 0.74 0.75 0.77 0.74 0.76,0.5
0.57 0.57 0.56 0.57 0.56 0.58 0.57 0.57 0.58 0.58 0.57 0.56 0.56 0.57 0.58 0.57 0.57 0.57 0.57 0.55 0.57 0.57 0.57 0.56 0.58,0.75
0.57 0.56 0.57 0.56 0.58 0.57 0.57 0.58 0.58 0.57 0.56 0.56 0.57 0.58 0.57 0.57 0.57 0.57 0.55 0.57 0.57 0.57 0.56 0.58 0.58,0.75
0.34 0.34 0.35 0.34 0.33 0.33 0.33 0.34 0.34 0.33 0.33 0.34 0.34 0.34 0.33 0.33 0.33 0.34 0.33 0.34 0.34 0.33 0.35 0.45 0.49,0.7
0.34 0.35 0.34 0.33 0.33 0.33 0.34 0.34 0.33 0.33 0.34 0.34 0.34 0.33 0.33 0.33 0.34 0.33 0.34 0.34 0.33 0.35 0.45 0.49 0.49,0.95
0.07 0.04 0.08 0.03 0.05 0.02 0.04 0.06 0.08 0.02 0.06 0.03 0.06 0.05 0.06 0.03 0.06 0.05 0.06 0.03 0.06 0.03 0.08 0.04 0.08,0.75
0.04 0.08 0.03 0.05 0.02 0.04 0.06 0.08 0.02 0.06 0.03 0.06 0.05 0.06 0.03 0.06 0.05 0.06 0.03 0.06 0.03 0.08 0.04 0.08 0.00,0.75
0.03 0.03 0.08 0.03 0.04 0.02 0.06 0.09 0.07 0.02 0.04 0.05 0.05 0.05 0.03 0.03 0.10 0.06 0.04 0.03 0.04 0.06 0.08 0.03 0.04,0.5
0.03 0.08 0.03 0.04 0.02 0.06 0.09 0.07 0.02 0.04 0.05 0.05 0.05 0.03 0.03 0.10 0.06 0.04 0.03 0.04 0.06 0.08 0.03 0.04 0.00,0.5
0.05 0.08 0.10 0.02 0.03 0.01 0.08 0.05 0.07 0.01 0.07 0.02 0.06 0.01 0.03 0.01 0.06 0.03 0.06 0.02 0.05 0.02 0.08 0.03 0.05,0.75
0.08 0.10 0.02 0.03 0.01 0.08 0.05 0.07 0.01 0.07 0.02 0.06 0.01 0.03 0.01 0.06 0.03 0.06 0.02 0.05 0.02 0.08 0.03 0.05 0.00,0.5
0.04 0.03 0.09 0.02 0.04 0.02 0.08 0.03 0.06 0.02 0.05 0.03 0.06 0.02 0.04 0.02 0.07 0.05 0.07 0.03 0.05 0.03 0.08 0.02 0.06,0.5
0.03 0.09 0.02 0.04 0.02 0.08 0.03 0.06 0.02 0.05 0.03 0.06 0.02 0.04 0.02 0.07 0.05 0.07 0.03 0.05 0.03 0.08 0.02 0.06 0.00,0.5
0.07 0.03 0.05 0.03 0.05 0.02 0.05 0.05 0.08 0.01 0.06 0.04 0.07 0.03 0.06 0.02 0.04 0.04 0.03 0.02 0.04 0.11 0.10 0.02 0.03,0.75
0.03 0.05 0.03 0.05 0.02 0.05 0.05 0.08 0.01 0.06 0.04 0.07 0.03 0.06 0.02 0.04 0.04 0.03 0.02 0.04 0.11 0.10 0.02 0.03 0.00,0.5
0.25 0.25 0.21 0.34 0.15 0.10 0.17 0.17 0.17 0.10 0.31 0.18 0.17 0.14 0.14 0.13 0.13 0.42 0.49 0.28 0.25 0.17 0.26 0.23 0.35,0.75
0.25 0.21 0.34 0.15 0.10 0.17 0.17 0.17 0.10 0.31 0.18 0.17 0.14 0.14 0.13 0.13 0.42 0.49 0.28 0.25 0.17 0.26 0.23 0.35 0.52,0.75
0.32 0.26 0.33 0.23 0.28 0.16 0.19 0.25 0.14 0.17 0.24 0.26 0.30 0.21 0.26 0.34 0.18 0.23 0.19 0.23 0.21 0.26 0.32 0.29 0.33,0.5
0.26 0.33 0.23 0.28 0.16 0.19 0.25 0.14 0.17 0.24 0.26 0.30 0.21 0.26 0.34 0.18 0.23 0.19 0.23 0.21 0.26 0.32 0.29 0.33 0.49,0.75
0.55 0.35 0.32 0.30 0.35 0.32 0.20 0.21 0.30 0.37 0.33 0.27 0.24 0.36 0.31 0.22 0.31 0.39 0.25 0.38 0.19 0.36 0.24 0.31 0.55,0.75
0.35 0.32 0.30 0.35 0.32 0.20 0.21 0.30 0.37 0.33 0.27 0.24 0.36 0.31 0.22 0.31 0.39 0.25 0.38 0.19 0.36 0.24 0.31 0.55 0.52,0.75
0.12 0.32 0.14 0.21 0.16 0.16 0.30 0.19 0.14 0.31 0.27 0.19 0.14 0.24 0.15 0.33 0.32 0.25 0.18 0.17 0.14 0.13 0.18 0.17 0.32,0.5
0.32 0.14 0.21 0.16 0.16 0.30 0.19 0.14 0.31 0.27 0.19 0.14 0.24 0.15 0.33 0.32 0.25 0.18 0.17 0.14 0.13 0.18 0.17 0.32 0.52,0.95
0.25 0.45 0.41 0.38 0.22 0.30 0.21 0.38 0.27 0.33 0.51 0.33 0.37 0.28 0.43 0.35 0.48 0.62 0.21 0.30 0.18 0.25 0.24 0.22 0.25,0.5
0.45 0.41 0.38 0.22 0.30 0.21 0.38 0.27 0.33 0.51 0.33 0.37 0.28 0.43 0.35 0.48 0.62 0.21 0.30 0.18 0.25 0.24 0.22 0.25 0.49,0.75
0.03 0.02 0.06 0.04 0.03 0.02 0.04 0.03 0.06 0.02 0.06 0.02 0.06 0.03 0.06 0.02 0.03 0.09 0.09 0.02 0.06 0.01 0.16 0.26 0.05,0.7
0.02 0.06 0.04 0.03 0.02 0.04 0.03 0.06 0.02 0.06 0.02 0.06 0.03 0.06 0.02 0.03 0.09 0.09 0.02 0.06 0.01 0.16 0.26 0.05 0.00,0.7
0.04 0.04 0.08 0.02 0.06 0.01 0.11 0.09 0.05 0.03 0.05 0.03 0.06 0.03 0.06 0.01 0.06 0.02 0.06 0.03 0.03 0.04 0.05 0.04 0.04,0.7
0.04 0.08 0.02 0.06 0.01 0.11 0.09 0.05 0.03 0.05 0.03 0.06 0.03 0.06 0.01 0.06 0.02 0.06 0.03 0.03 0.04 0.05 0.04 0.04 0.00,0.75
0.06 0.01 0.05 0.05 0.04 0.03 0.05 0.03 0.08 0.02 0.05 0.01 0.06 0.04 0.06 0.04 0.07 0.04 0.05 0.03 0.05 0.02 0.06 0.01 0.03,0.5
0.01 0.05 0.05 0.04 0.03 0.05 0.03 0.08 0.02 0.05 0.01 0.06 0.04 0.06 0.04 0.07 0.04 0.05 0.03 0.05 0.02 0.06 0.01 0.03 0.00,0.5
0.04 0.03 0.07 0.03 0.06 0.02 0.08 0.04 0.05 0.02 0.03 0.04 0.07 0.03 0.04 0.02 0.04 0.04 0.07 0.01 0.03 0.02 0.07 0.05 0.05,0.7
0.03 0.07 0.03 0.06 0.02 0.08 0.04 0.05 0.02 0.03 0.04 0.07 0.03 0.04 0.02 0.04 0.04 0.07 0.01 0.03 0.02 0.07 0.05 0.05 0.00,0.75
0.06 0.03 0.06 0.02 0.04 0.02 0.06 0.05 0.04 0.02 0.06 0.02 0.07 0.01 0.06 0.02 0.12 0.08 0.04 0.02 0.03 0.08 0.07 0.02 0.04,0.75
0.03 0.06 0.02 0.04 0.02 0.06 0.05 0.04 0.02 0.06 0.02 0.07 0.01 0.06 0.02 0.12 0.08 0.04 0.02 0.03 0.08 0.07 0.02 0.04 0.00,0.5
0.07 0.09 0.06 0.13 0.11 0.10 0.22 0.07 0.09 0.15 0.05 0.09 0.05 0.10 0.10 0.19 0.04 0.07 0.14 0.09 0.13 0.05 0.11 0.13 0.19,0.75
0.09 0.06 0.13 0.11 0.10 0.22 0.07 0.09 0.15 0.05 0.09 0.05 0.10 0.10 0.19 0.04 0.07 0.14 0.09 0.13 0.05 0.11 0.13 0.19 0.53,0.95
0.10 0.20 0.34 0.16 0.12 0.22 0.15 0.27 0.23 0.19 0.16 0.17 0.15 0.12 0.17 0.18 0.13 0.15 0.13 0.14 0.16 0.33 0.19 0.26 0.16,0.5
0.20 0.34 0.16 0.12 0.22 0.15 0.27 0.23 0.19 0.16 0.17 0.15 0.12 0.17 0.18 0.13 0.15 0.13 0.14 0.16 0.33 0.19 0.26 0.16 0.54,0.95
0.00 0.00 0.00 0.00 0.00 0.00 0.00 0.00 0.00 0.00 0.00 0.00 0.00 0.00 0.01 0.00 0.00 0.00 0.00 0.00 0.00 0.00 0.00 0.00 0.00,0.95
0.00 0.00 0.00 0.00 0.00 0.00 0.00 0.00 0.00 0.00 0.00 0.00 0.00 0.01 0.00 0.00 0.00 0.00 0.00 0.00 0.00 0.00 0.00 0.00 0.00,0.95
0.00 0.00 0.00 0.00 0.00 0.00 0.00 0.00 0.00 0.00 0.00 0.00 0.00 0.00 0.00 0.00 0.00 0.00 0.00 0.00 0.00 0.00 0.00 0.00 0.00,0.0
0.01 0.01 0.01 0.01 0.01 0.01 0.01 0.01 0.01 0.02 0.02 0.02 0.03 0.03 0.03 0.03 0.03 0.02 0.02 0.03 0.02 0.02 0.02 0.02 0.55,0.95
0.01 0.01 0.01 0.01 0.01 0.01 0.01 0.01 0.02 0.02 0.02 0.03 0.03 0.03 0.03 0.03 0.02 0.02 0.03 0.02 0.02 0.02 0.02 0.55 1.00,0.95
0.02 0.02 0.02 0.02 0.02 0.02 0.02 0.02 0.02 0.02 0.02 0.02 0.02 0.02 0.02 0.02 0.02 0.02 0.02 0.02 0.02 0.02 0.02 0.02 0.02,0.0
0.02 0.02 0.02 0.02 0.02 0.02 0.02 0.02 0.02 0.02 0.02 0.02 0.02 0.02 0.02 0.02 0.02 0.02 0.02 0.02 0.02 0.02 0.02 0.02 0.85,0.95
0.02 0.02 0.02 0.02 0.02 0.02 0.02 0.02 0.02 0.02 0.02 0.02 0.02 0.02 0.02 0.02 0.02 0.02 0.02 0.02 0.02 0.02 0.02 0.85 1.00,0.95
0.01 0.01 0.01 0.01 0.01 0.01 0.01 0.01 0.01 0.01 0.02 0.02 0.02 0.03 0.03 0.03 0.03 0.03 0.02 0.02 0.03 0.02 0.02 0.02 0.02,0.5
0.00 0.00 0.00 0.00 0.00 0.00 0.00 0.00 0.00 0.00 0.00 0.00 0.00 0.00 0.00 0.00 0.00 0.00 0.00 0.00 0.00 0.85 1.00 1.00 1.00,0.75
0.00 0.00 0.00 0.00 0.00 0.00 0.00 0.00 0.00 0.00 0.00 0.00 0.00 0.00 0.00 0.00 0.00 0.00 0.00 0.00 0.85 1.00 1.00 1.00 1.00,0.95
0.00 0.00 0.00 0.00 0.00 0.00 0.00 0.00 0.00 0.00 0.00 0.00 0.01 0.00 0.00 0.00 0.00 0.00 0.00 0.00 0.00 0.00 0.00 0.00 0.00,0.95
0.01 0.01 0.01 0.01 0.01 0.01 0.01 0.02 0.02 0.02 0.03 0.03 0.03 0.03 0.03 0.02 0.02 0.03 0.02 0.02 0.02 0.02 0.55 1.00 1.00,0.95
0.00 0.00 0.00 0.00 0.00 0.00 0.00 0.00 0.00 0.00 0.00 0.00 0.00 0.00 0.00 0.00 0.00 0.00 0.00 0.00 0.00 0.00 0.00 0.00 0.85,0.95
0.00 0.00 0.00 0.00 0.00 0.00 0.00 0.00 0.00 0.00 0.00 0.00 0.00 0.00 0.00 0.00 0.00 0.00 0.00 0.00 0.00 0.00 0.00 0.85 1.00,0.95
0.00 0.00 0.00 0.00 0.00 0.00 0.00 0.00 0.00 0.00 0.00 0.00 0.00 0.00 0.00 0.00 0.00 0.00 0.00 0.00 0.00 0.00 0.85 1.00 1.00,0.95
0.02 0.02 0.01 0.02 0.01 0.02 0.03 0.03 0.02 0.02 0.02 0.01 0.02 0.01 0.01 0.01 0.01 0.01 0.02 0.02 0.02 0.03 0.02 0.02 0.01,0.75
0.02 0.01 0.02 0.01 0.02 0.03 0.03 0.02 0.02 0.02 0.01 0.02 0.01 0.01 0.01 0.01 0.01 0.02 0.02 0.02 0.03 0.02 0.02 0.01 0.01,0.5
0.01 0.01 0.02 0.02 0.02 0.02 0.02 0.02 0.02 0.02 0.02 0.02 0.01 0.01 0.02 0.02 0.02 0.01 0.02 0.02 0.02 0.03 0.02 0.02 0.02,0.5
0.01 0.02 0.02 0.02 0.02 0.02 0.02 0.02 0.02 0.02 0.02 0.01 0.01 0.02 0.02 0.02 0.01 0.02 0.02 0.02 0.03 0.02 0.02 0.02 0.01,0.5
0.02 0.02 0.02 0.02 0.02 0.02 0.02 0.02 0.02 0.02 0.01 0.01 0.02 0.02 0.02 0.01 0.02 0.02 0.02 0.03 0.02 0.02 0.02 0.01 0.01,0.75
0.02 0.03 0.03 0.02 0.02 0.01 0.02 0.02 0.02 0.02 0.02 0.02 0.02 0.02 0.02 0.02 0.04 0.02 0.03 0.02 0.02 0.02 0.03 0.03 0.02,0.75
0.03 0.03 0.02 0.02 0.01 0.02 0.02 0.02 0.02 0.02 0.02 0.02 0.02 0.02 0.02 0.04 0.02 0.03 0.02 0.02 0.02 0.03 0.03 0.02 0.01,0.5
0.03 0.02 0.02 0.01 0.02 0.02 0.02 0.02 0.02 0.02 0.02 0.02 0.02 0.02 0.04 0.02 0.03 0.02 0.02 0.02 0.03 0.03 0.02 0.01 0.01,0.75
0.04 0.04 0.04 0.04 0.04 0.04 0.04 0.04 0.29 0.22 0.09 0.12 0.15 0.09 0.04 0.04 0.28 0.97 1.00 1.00 1.00 1.00 1.00 1.00 1.00,0.75
0.04 0.04 0.04 0.04 0.04 0.04 0.04 0.29 0.22 0.09 0.12 0.15 0.09 0.04 0.04 0.28 0.97 1.00 1.00 1.00 1.00 1.00 1.00 1.00 1.00,0.75
0.07 0.09 0.06 0.03 0.02 0.03 0.04 0.08 0.33 0.14 0.40 0.40 0.75 0.16 0.10 0.19 0.16 0.31 0.27 0.92 0.02 0.07 0.03 0.03 0.52,0.95
0.09 0.06 0.03 0.02 0.03 0.04 0.08 0.33 0.14 0.40 0.40 0.75 0.16 0.10 0.19 0.16 0.31 0.27 0.92 0.02 0.07 0.03 0.03 0.52 1.00,0.7
0.04 0.04 0.04 0.04 0.29 0.22 0.09 0.12 0.15 0.09 0.04 0.04 0.28 0.97 1.00 1.00 1.00 1.00 1.00 1.00 1.00 1.00 1.00 1.00 1.00,0.5
0.04 0.04 0.04 0.29 0.22 0.09 0.12 0.15 0.09 0.04 0.04 0.28 0.97 1.00 1.00 1.00 1.00 1.00 1.00 1.00 1.00 1.00 1.00 1.00 1.00,0.5
0.16 0.10 0.19 0.16 0.31 0.27 0.92 0.02 0.07 0.03 0.03 0.52 1.00 1.00 1.00 0.04 0.05 0.05 0.07 0.09 0.30 0.10 0.09 0.06 0.44,0.7
0.10 0.19 0.16 0.31 0.27 0.92 0.02 0.07 0.03 0.03 0.52 1.00 1.00 1.00 0.04 0.05 0.05 0.07 0.09 0.30 0.10 0.09 0.06 0.44 1.00,0.75
0.03 0.04 0.03 0.04 0.04 0.04 0.04 0.04 0.03 0.04 0.03 0.04 0.04 0.04 0.04 0.04 0.03 0.04 0.10 0.22 0.05 0.27 0.22 0.20 0.07,0.5
0.04 0.03 0.04 0.04 0.04 0.04 0.04 0.03 0.04 0.03 0.04 0.04 0.04 0.04 0.04 0.03 0.04 0.10 0.22 0.05 0.27 0.22 0.20 0.07 0.68,0.95
0.02 0.02 0.01 0.01 0.00 0.00 0.01 0.00 0.00 0.01 0.03 0.01 0.01 0.01 0.01 0.02 0.02 0.02 0.01 0.01 0.01 0.01 0.01 0.01 0.00,0.5
0.02 0.01 0.01 0.00 0.00 0.01 0.00 0.00 0.01 0.03 0.01 0.01 0.01 0.01 0.02 0.02 0.02 0.01 0.01 0.01 0.01 0.01 0.01 0.00 0.00,0.5
0.02 0.02 0.01 0.01 0.00 0.01 0.01 0.01 0.01 0.01 0.01 0.01 0.01 0.01 0.01 0.03 0.01 0.02 0.01 0.01 0.01 0.02 0.02 0.01 0.00,0.5
0.02 0.01 0.01 0.00 0.01 0.01 0.01 0.01 0.01 0.01 0.01 0.01 0.01 0.01 0.03 0.01 0.02 0.01 0.01 0.01 0.02 0.02 0.01 0.00 0.00,0.75
0.01 0.01 0.00 0.01 0.01 0.01 0.01 0.01 0.01 0.01 0.01 0.01 0.01 0.03 0.01 0.02 0.01 0.01 0.01 0.02 0.02 0.01 0.00 0.00 0.00,0.95
0.01 0.02 0.01 0.01 0.01 0.01 0.01 0.01 0.01 0.01 0.01 0.01 0.01 0.01 0.01 0.01 0.01 0.01 0.02 0.01 0.00 0.00 0.00 0.00 0.00,0.75
0.02 0.01 0.01 0.01 0.01 0.01 0.01 0.01 0.01 0.01 0.01 0.01 0.01 0.01 0.01 0.01 0.01 0.02 0.01 0.00 0.00 0.00 0.00 0.00 0.00,0.75
0.01 0.01 0.01 0.01 0.01 0.01 0.01 0.01 0.01 0.02 0.01 0.01 0.01 0.01 0.01 0.01 0.01 0.01 0.01 0.01 0.01 0.01 0.01 0.01 0.00,0.95
0.01 0.01 0.01 0.01 0.01 0.01 0.01 0.01 0.02 0.01 0.01 0.01 0.01 0.01 0.01 0.01 0.01 0.01 0.01 0.01 0.01 0.01 0.01 0.00 0.00,0.95
0.03 0.03 0.03 0.03 0.03 0.28 0.21 0.08 0.11 0.15 0.08 0.03 0.03 0.27 0.97 1.00 1.00 1.00 1.00 1.00 1.00 1.00 1.00 1.00 1.00,0.5
0.03 0.03 0.03 0.03 0.28 0.21 0.08 0.11 0.15 0.08 0.03 0.03 0.27 0.97 1.00 1.00 1.00 1.00 1.00 1.00 1.00 1.00 1.00 1.00 1.00,0.5
0.06 0.08 0.05 0.02 0.01 0.02 0.03 0.07 0.32 0.14 0.40 0.40 0.75 0.16 0.09 0.18 0.16 0.30 0.26 0.92 0.01 0.06 0.02 0.02 0.51,0.95
0.08 0.05 0.02 0.01 0.02 0.03 0.07 0.32 0.14 0.40 0.40 0.75 0.16 0.09 0.18 0.16 0.30 0.26 0.92 0.01 0.06 0.02 0.02 0.51 1.00,0.95
0.03 0.03 0.03 0.28 0.21 0.08 0.11 0.15 0.08 0.03 0.03 0.27 0.97 1.00 1.00 1.00 1.00 1.00 1.00 1.00 1.00 1.00 1.00 1.00 1.00,0.5
0.04 0.03 0.03 0.03 0.03 0.03 0.03 0.03 0.03 0.28 0.21 0.08 0.11 0.15 0.08 0.03 0.03 0.27 0.97 1.00 1.00 1.00 1.00 1.00 1.00,0.7
0.03 0.03 0.03 0.03 0.03 0.03 0.03 0.03 0.28 0.21 0.08 0.11 0.15 0.08 0.03 0.03 0.27 0.97 1.00 1.00 1.00 1.00 1.00 1.00 1.00,0.75
0.09 0.18 0.16 0.30 0.26 0.92 0.01 0.06 0.02 0.02 0.51 1.00 1.00 1.00 0.03 0.04 0.04 0.06 0.08 0.29 0.09 0.08 0.05 0.44 1.00,0.7
0.18 0.16 0.30 0.26 0.92 0.01 0.06 0.02 0.02 0.51 1.00 1.00 1.00 0.03 0.04 0.04 0.06 0.08 0.29 0.09 0.08 0.05 0.44 1.00 1.00,0.7
0.01 0.01 0.02 0.01 0.01 0.01 0.02 0.01 0.01 0.01 0.01 0.01 0.01 0.01 0.01 0.02 0.02 0.02 0.01 0.01 0.01 0.02 0.01 0.01 0.00,0.75
0.01 0.02 0.01 0.01 0.01 0.02 0.01 0.01 0.01 0.01 0.01 0.01 0.01 0.01 0.02 0.02 0.02 0.01 0.01 0.01 0.02 0.01 0.01 0.00 0.00,0.75
0.01 0.02 0.02 0.01 0.01 0.01 0.02 0.02 0.01 0.01 0.01 0.01 0.02 0.01 0.00 0.00 0.02 0.02 0.01 0.01 0.01 0.01 0.02 0.00 0.00,0.75
0.02 0.02 0.01 0.01 0.01 0.02 0.02 0.01 0.01 0.01 0.01 0.02 0.01 0.00 0.00 0.02 0.02 0.01 0.01 0.01 0.01 0.02 0.00 0.00 0.00,0.5
0.00 0.00 0.01 0.02 0.01 0.00 0.02 0.03 0.03 0.11 0.12 0.04 0.03 0.06 0.12 0.01 0.04 0.09 0.01 0.25 0.05 0.09 0.60 0.47 0.39,0.95
0.00 0.01 0.02 0.01 0.00 0.02 0.03 0.03 0.11 0.12 0.04 0.03 0.06 0.12 0.01 0.04 0.09 0.01 0.25 0.05 0.09 0.60 0.47 0.39 0.00,0.95
0.00 0.01 0.01 0.01 0.01 0.00 0.01 0.01 0.03 0.08 0.03 0.01 0.01 0.01 0.01 0.01 0.01 0.01 0.00 0.00 0.01 0.01 0.00 0.00 0.00,0.95
0.01 0.01 0.01 0.01 0.00 0.01 0.01 0.03 0.08 0.03 0.01 0.01 0.01 0.01 0.01 0.01 0.01 0.00 0.00 0.01 0.01 0.00 0.00 0.00 0.00,0.75
0.04 0.09 0.01 0.25 0.05 0.09 0.60 0.47 0.39 0.00 0.04 0.52 0.06 0.07 0.29 0.19 0.01 0.04 0.05 0.19 0.14 0.45 0.58 0.72 0.35,0.5
0.09 0.01 0.25 0.05 0.09 0.60 0.47 0.39 0.00 0.04 0.52 0.06 0.07 0.29 0.19 0.01 0.04 0.05 0.19 0.14 0.45 0.58 0.72 0.35 0.00,0.75
0.44 0.46 0.46 0.45 0.44 0.46 0.45 0.46 0.46 0.47 0.48 0.46 0.47 0.48 0.49 0.48 0.49 0.48 0.51 0.52 0.51 0.49 0.48 0.49 0.53,0.5
0.46 0.46 0.45 0.44 0.46 0.45 0.46 0.46 0.47 0.48 0.46 0.47 0.48 0.49 0.48 0.49 0.48 0.51 0.52 0.51 0.49 0.48 0.49 0.53 0.52,0.5
0.46 0.44 0.46 0.46 0.45 0.44 0.46 0.45 0.46 0.46 0.47 0.48 0.46 0.47 0.48 0.49 0.48 0.49 0.48 0.51 0.52 0.51 0.49 0.48 0.49,0.5
0.45 0.46 0.44 0.46 0.46 0.45 0.44 0.46 0.45 0.46 0.46 0.47 0.48 0.46 0.47 0.48 0.49 0.48 0.49 0.48 0.51 0.52 0.51 0.49 0.48,0.5
0.15 0.15 0.15 0.15 0.14 0.14 0.15 0.14 0.14 0.17 0.16 0.18 0.18 0.21 0.22 0.25 0.27 0.34 0.45 0.62 0.65 0.63 0.65 0.56 0.56,0.5
0.15 0.15 0.15 0.14 0.14 0.15 0.14 0.14 0.17 0.16 0.18 0.18 0.21 0.22 0.25 0.27 0.34 0.45 0.62 0.65 0.63 0.65 0.56 0.56 0.56,0.5
0.25 0.08 0.27 0.05 0.06 0.20 0.00 0.05 0.03 0.04 0.16 0.01 0.04 0.35 0.38 0.39 0.39 0.40 0.71 0.39 0.48 0.75 0.53 0.41 0.38,0.5
0.08 0.27 0.05 0.06 0.20 0.00 0.05 0.03 0.04 0.16 0.01 0.04 0.35 0.38 0.39 0.39 0.40 0.71 0.39 0.48 0.75 0.53 0.41 0.38 0.52,0.95
0.03 0.05 0.05 0.01 0.00 0.01 0.02 0.02 0.01 0.01 0.01 0.01 0.02 0.01 0.00 0.01 0.01 0.02 0.00 0.00 0.01 0.01 0.02 0.01 0.00,0.5
0.05 0.05 0.01 0.00 0.01 0.02 0.02 0.01 0.01 0.01 0.01 0.02 0.01 0.00 0.01 0.01 0.02 0.00 0.00 0.01 0.01 0.02 0.01 0.00 0.00,0.5
0.02 0.06 0.03 0.01 0.00 0.00 0.00 0.02 0.01 0.00 0.01 0.00 0.02 0.01 0.00 0.00 0.00 0.02 0.01 0.00 0.00 0.01 0.01 0.01 0.01,0.95
0.06 0.03 0.01 0.00 0.00 0.00 0.02 0.01 0.00 0.01 0.00 0.02 0.01 0.00 0.00 0.00 0.02 0.01 0.00 0.00 0.01 0.01 0.01 0.01 0.00,0.5
0.01 0.01 0.00 0.02 0.04 0.02 0.02 0.01 0.01 0.01 0.01 0.02 0.01 0.01 0.02 0.01 0.01 0.01 0.01 0.01 0.00 0.00 0.01 0.01 0.02,0.5
0.01 0.00 0.02 0.04 0.02 0.02 0.01 0.01 0.01 0.01 0.02 0.01 0.01 0.02 0.01 0.01 0.01 0.01 0.01 0.00 0.00 0.01 0.01 0.02 0.00,0.5
0.39 0.38 0.40 0.39 0.39 0.38 0.39 0.40 0.38 0.38 0.39 0.39 0.40 0.38 0.39 0.38 0.39 0.40 0.39 0.38 0.38 0.40 0.18 0.02 0.03,0.95
0.38 0.40 0.39 0.39 0.38 0.39 0.40 0.38 0.38 0.39 0.39 0.40 0.38 0.39 0.38 0.39 0.40 0.39 0.38 0.38 0.40 0.18 0.02 0.03 0.00,0.95
0.38 0.39 0.40 0.38 0.38 0.39 0.39 0.40 0.38 0.39 0.38 0.39 0.40 0.39 0.38 0.38 0.40 0.18 0.02 0.03 0.00 0.01 0.05 0.13 0.01,0.75
0.39 0.40 0.38 0.38 0.39 0.39 0.40 0.38 0.39 0.38 0.39 0.40 0.39 0.38 0.38 0.40 0.18 0.02 0.03 0.00 0.01 0.05 0.13 0.01 0.00,0.95
0.21 0.00 0.05 0.09 0.04 0.01 0.03 0.03 0.01 0.22 0.03 0.16 0.11 0.17 0.02 0.03 0.07 0.05 0.06 0.20 0.03 0.20 0.69 0.60 0.64,0.7
0.00 0.05 0.09 0.04 0.01 0.03 0.03 0.01 0.22 0.03 0.16 0.11 0.17 0.02 0.03 0.07 0.05 0.06 0.20 0.03 0.20 0.69 0.60 0.64 0.71,0.7
0.05 0.21 0.00 0.05 0.09 0.04 0.01 0.03 0.03 0.01 0.22 0.03 0.16 0.11 0.17 0.02 0.03 0.07 0.05 0.06 0.20 0.03 0.20 0.69 0.60,0.95
0.12 0.05 0.21 0.00 0.05 0.09 0.04 0.01 0.03 0.03 0.01 0.22 0.03 0.16 0.11 0.17 0.02 0.03 0.07 0.05 0.06 0.20 0.03 0.20 0.69,0.95
0.99 0.98 0.99 0.99 0.98 0.98 0.98 0.99 0.99 1.00 0.98 0.99 0.98 0.98 0.99 0.98 0.99 0.98 0.99 0.98 0.98 0.97 0.98 0.99 1.00,0.75
0.98 0.99 0.99 0.98 0.98 0.98 0.99 0.99 1.00 0.98 0.99 0.98 0.98 0.99 0.98 0.99 0.98 0.99 0.98 0.98 0.97 0.98 0.99 1.00 0.98,0.5
0.55 0.58 0.54 0.52 0.63 0.65 0.67 0.68 0.65 0.65 0.67 0.62 0.68 0.66 0.66 0.68 0.64 0.65 0.64 0.63 0.68 0.66 0.64 0.61 0.66,0.5
0.58 0.54 0.52 0.63 0.65 0.67 0.68 0.65 0.65 0.67 0.62 0.68 0.66 0.66 0.68 0.64 0.65 0.64 0.63 0.68 0.66 0.64 0.61 0.66 0.65,0.75
0.02 0.02 0.02 0.01 0.01 0.02 0.02 0.02 0.02 0.01 0.02 0.02 0.03 0.02 0.03 0.02 0.02 0.01 0.02 0.02 0.02 0.01 0.03 0.02 0.02,0.75
0.02 0.02 0.01 0.01 0.02 0.02 0.02 0.02 0.01 0.02 0.02 0.03 0.02 0.03 0.02 0.02 0.01 0.02 0.02 0.02 0.01 0.03 0.02 0.02 0.01,0.7
0.02 0.03 0.02 0.03 0.02 0.03 0.02 0.02 0.03 0.02 0.02 0.02 0.02 0.02 0.02 0.03 0.03 0.03 0.02 0.03 0.02 0.03 0.02 0.02 0.02,0.5
0.03 0.02 0.03 0.02 0.03 0.02 0.02 0.03 0.02 0.02 0.02 0.02 0.02 0.02 0.03 0.03 0.03 0.02 0.03 0.02 0.03 0.02 0.02 0.02 0.01,0.75
0.03 0.02 0.02 0.02 0.02 0.01 0.03 0.02 0.01 0.01 0.02 0.02 0.02 0.02 0.02 0.01 0.02 0.02 0.02 0.02 0.02 0.02 0.02 0.02 0.02,0.75
0.02 0.02 0.02 0.02 0.01 0.03 0.02 0.01 0.01 0.02 0.02 0.02 0.02 0.02 0.01 0.02 0.02 0.02 0.02 0.02 0.02 0.02 0.02 0.02 0.01,0.75
0.02 0.02 0.02 0.02 0.02 0.02 0.02 0.02 0.02 0.01 0.02 0.02 0.02 0.02 0.02 0.02 0.02 0.02 0.02 0.02 0.02 0.02 0.02 0.02 0.02,0.95
0.02 0.02 0.02 0.02 0.02 0.02 0.02 0.02 0.01 0.02 0.02 0.02 0.02 0.02 0.02 0.02 0.02 0.02 0.02 0.02 0.02 0.02 0.02 0.02 0.01,0.95
0.01 0.02 0.02 0.02 0.02 0.02 0.01 0.02 0.02 0.02 0.02 0.02 0.02 0.02 0.02 0.02 0.01 0.03 0.02 0.02 0.02 0.02 0.02 0.02 0.02,0.75
0.02 0.02 0.02 0.02 0.02 0.01 0.02 0.02 0.02 0.02 0.02 0.02 0.02 0.02 0.02 0.01 0.03 0.02 0.02 0.02 0.02 0.02 0.02 0.02 0.01,0.95
0.03 0.03 0.03 0.04 0.05 0.05 0.03 0.04 0.09 0.09 0.05 0.08 0.10 0.24 0.45 0.46 0.46 0.46 0.46 0.47 0.45 0.46 0.45 0.47 0.45,0.5
0.03 0.03 0.04 0.05 0.05 0.03 0.04 0.09 0.09 0.05 0.08 0.10 0.24 0.45 0.46 0.46 0.46 0.46 0.47 0.45 0.46 0.45 0.47 0.45 0.48,0.5
0.28 0.29 0.28 0.29 0.35 0.35 0.28 0.34 0.27 0.28 0.29 0.28 0.26 0.29 0.38 0.44 0.41 0.26 0.26 0.28 0.27 0.31 0.45 0.51 0.48,0.7
0.29 0.28 0.29 0.35 0.35 0.28 0.34 0.27 0.28 0.29 0.28 0.26 0.29 0.38 0.44 0.41 0.26 0.26 0.28 0.27 0.31 0.45 0.51 0.48 0.61,0.5
0.28 0.29 0.35 0.35 0.28 0.34 0.27 0.28 0.29 0.28 0.26 0.29 0.38 0.44 0.41 0.26 0.26 0.28 0.27 0.31 0.45 0.51 0.48 0.61 0.67,0.95
0.04 0.04 0.04 0.05 0.03 0.04 0.03 0.04 0.05 0.04 0.04 0.04 0.04 0.04 0.03 0.04 0.03 0.03 0.03 0.04 0.06 0.77 1.00 1.00 1.00,0.7
0.04 0.04 0.05 0.03 0.04 0.03 0.04 0.05 0.04 0.04 0.04 0.04 0.04 0.03 0.04 0.03 0.03 0.03 0.04 0.06 0.77 1.00 1.00 1.00 1.00,0.95
0.88 0.89 0.95 0.85 0.86 0.95 0.86 0.73 1.00 0.90 1.00 1.00 1.00 1.00 1.00 1.00 1.00 1.00 1.00 1.00 1.00 1.00 1.00 1.00 1.00,0.5
0.89 0.95 0.85 0.86 0.95 0.86 0.73 1.00 0.90 1.00 1.00 1.00 1.00 1.00 1.00 1.00 1.00 1.00 1.00 1.00 1.00 1.00 1.00 1.00 1.00,0.5
0.01 0.02 0.02 0.01 0.02 0.01 0.01 0.01 0.01 0.00 0.01 0.01 0.01 0.01 0.02 0.01 0.02 0.01 0.01 0.02 0.02 0.00 0.01 0.01 0.01,0.75
0.02 0.02 0.01 0.02 0.01 0.01 0.01 0.01 0.00 0.01 0.01 0.01 0.01 0.02 0.01 0.02 0.01 0.01 0.02 0.02 0.00 0.01 0.01 0.01 0.00,0.75
0.02 0.01 0.01 0.01 0.01 0.00 0.02 0.01 0.00 0.00 0.01 0.01 0.01 0.01 0.01 0.00 0.01 0.01 0.01 0.01 0.01 0.01 0.01 0.01 0.01,0.75
0.01 0.01 0.01 0.01 0.00 0.02 0.01 0.00 0.00 0.01 0.01 0.01 0.01 0.01 0.00 0.01 0.01 0.01 0.01 0.01 0.01 0.01 0.01 0.01 0.00,0.75
0.01 0.01 0.01 0.01 0.01 0.01 0.01 0.01 0.01 0.00 0.01 0.01 0.01 0.01 0.01 0.01 0.01 0.01 0.01 0.01 0.01 0.01 0.01 0.01 0.01,0.95
0.01 0.01 0.01 0.01 0.01 0.01 0.01 0.01 0.00 0.01 0.01 0.01 0.01 0.01 0.01 0.01 0.01 0.01 0.01 0.01 0.01 0.01 0.01 0.01 0.00,0.95
0.00 0.01 0.01 0.01 0.01 0.01 0.00 0.01 0.01 0.01 0.01 0.01 0.01 0.01 0.01 0.01 0.00 0.02 0.01 0.01 0.01 0.01 0.01 0.01 0.01,0.5
0.01 0.01 0.01 0.01 0.01 0.00 0.01 0.01 0.01 0.01 0.01 0.01 0.01 0.01 0.01 0.00 0.02 0.01 0.01 0.01 0.01 0.01 0.01 0.01 0.00,0.95
0.01 0.01 0.01 0.01 0.00 0.01 0.01 0.01 0.01 0.01 0.01 0.01 0.01 0.01 0.00 0.02 0.01 0.01 0.01 0.01 0.01 0.01 0.01 0.00 0.00,0.75
0.03 0.04 0.03 0.03 0.03 0.03 0.03 0.04 0.02 0.03 0.02 0.03 0.04 0.03 0.03 0.03 0.03 0.03 0.02 0.03 0.02 0.02 0.02 0.03 0.05,0.75
0.04 0.03 0.03 0.03 0.03 0.03 0.04 0.02 0.03 0.02 0.03 0.04 0.03 0.03 0.03 0.03 0.03 0.02 0.03 0.02 0.02 0.02 0.03 0.05 0.77,0.95
0.03 0.03 0.03 0.03 0.03 0.04 0.02 0.03 0.02 0.03 0.04 0.03 0.03 0.03 0.03 0.03 0.02 0.03 0.02 0.02 0.02 0.03 0.05 0.77 1.00,0.95
0.08 0.08 0.07 0.08 0.08 0.08 0.08 0.07 0.08 0.08 0.07 0.07 0.08 0.08 0.07 0.08 0.08 0.08 0.08 0.33 0.40 0.77 1.00 0.76 0.74,0.95
0.08 0.07 0.08 0.08 0.08 0.08 0.07 0.08 0.08 0.07 0.07 0.08 0.08 0.07 0.08 0.08 0.08 0.08 0.33 0.40 0.77 1.00 0.76 0.74 0.90,0.7
0.28 0.27 0.28 0.35 0.35 0.27 0.34 0.26 0.27 0.28 0.27 0.25 0.28 0.37 0.43 0.40 0.25 0.25 0.27 0.26 0.30 0.45 0.50 0.48 0.61,0.95
0.27 0.28 0.35 0.35 0.27 0.34 0.26 0.27 0.28 0.27 0.25 0.28 0.37 0.43 0.40 0.25 0.25 0.27 0.26 0.30 0.45 0.50 0.48 0.61 0.66,0.7
0.08 0.08 0.08 0.08 0.08 0.07 0.08 0.08 0.08 0.08 0.07 0.08 0.08 0.07 0.07 0.08 0.08 0.07 0.08 0.08 0.08 0.08 0.33 0.40 0.77,0.95
0.08 0.08 0.08 0.08 0.07 0.08 0.08 0.08 0.08 0.07 0.08 0.08 0.07 0.07 0.08 0.08 0.07 0.08 0.08 0.08 0.08 0.33 0.40 0.77 1.00,0.95
0.02 0.00 0.18 0.98 0.43 0.01 0.02 0.40 0.98 0.53 0.02 0.02 0.45 1.00 0.16 0.00 0.01 0.38 0.99 0.50 0.02 0.02 0.41 0.98 0.10,0.5
0.00 0.18 0.98 0.43 0.01 0.02 0.40 0.98 0.53 0.02 0.02 0.45 1.00 0.16 0.00 0.01 0.38 0.99 0.50 0.02 0.02 0.41 0.98 0.10 0.00,0.7
0.01 0.08 0.97 0.99 0.52 0.00 0.00 0.15 0.97 0.59 0.02 0.00 0.18 0.98 0.43 0.01 0.02 0.40 0.98 0.53 0.02 0.02 0.45 1.00 0.16,0.7
0.08 0.97 0.99 0.52 0.00 0.00 0.15 0.97 0.59 0.02 0.00 0.18 0.98 0.43 0.01 0.02 0.40 0.98 0.53 0.02 0.02 0.45 1.00 0.16 0.00,0.7
0.44 0.25 0.36 0.23 0.98 0.10 0.17 0.25 0.66 0.99 0.43 0.09 0.22 0.97 0.48 0.23 0.23 0.60 0.99 0.05 0.01 0.08 0.97 0.99 0.52,0.75
0.25 0.36 0.23 0.98 0.10 0.17 0.25 0.66 0.99 0.43 0.09 0.22 0.97 0.48 0.23 0.23 0.60 0.99 0.05 0.01 0.08 0.97 0.99 0.52 0.00,0.75
0.36 0.23 0.98 0.10 0.17 0.25 0.66 0.99 0.43 0.09 0.22 0.97 0.48 0.23 0.23 0.60 0.99 0.05 0.01 0.08 0.97 0.99 0.52 0.00 0.00,0.7
0.17 0.25 0.66 0.99 0.43 0.09 0.22 0.97 0.48 0.23 0.23 0.60 0.99 0.05 0.01 0.08 0.97 0.99 0.52 0.00 0.00 0.15 0.97 0.59 0.02,0.7
0.25 0.66 0.99 0.43 0.09 0.22 0.97 0.48 0.23 0.23 0.60 0.99 0.05 0.01 0.08 0.97 0.99 0.52 0.00 0.00 0.15 0.97 0.59 0.02 0.00,0.75
0.49 0.50 0.50 0.50 0.50 0.50 0.50 0.49 0.50 0.50 0.50 0.50 0.50 0.50 0.50 0.50 0.50 0.50 0.50 0.50 0.50 0.49 0.50 0.50 0.50,0.25
0.50 0.50 0.50 0.50 0.50 0.50 0.49 0.50 0.50 0.50 0.50 0.50 0.50 0.50 0.50 0.50 0.50 0.50 0.50 0.50 0.49 0.50 0.50 0.50 0.50,0.95
0.50 0.49 0.50 0.50 0.50 0.50 0.50 0.50 0.49 0.50 0.50 0.50 0.50 0.50 0.50 0.50 0.50 0.50 0.50 0.50 0.50 0.50 0.49 0.50 0.50,0.25
0.50 0.50 0.49 0.50 0.50 0.50 0.50 0.50 0.50 0.49 0.50 0.50 0.50 0.50 0.50 0.50 0.50 0.50 0.50 0.50 0.50 0.50 0.50 0.49 0.50,0.75
0.50 0.50 0.52 0.50 0.50 0.50 0.50 0.50 0.50 0.50 0.50 0.50 0.50 0.51 0.51 0.50 0.50 0.50 0.51 0.50 0.50 0.50 0.50 0.51 0.51,0.5
0.50 0.52 0.50 0.50 0.50 0.50 0.50 0.50 0.50 0.50 0.50 0.50 0.51 0.51 0.50 0.50 0.50 0.51 0.50 0.50 0.50 0.50 0.51 0.51 0.51,0.5
0.52 0.52 0.52 0.52 0.52 0.52 0.52 0.52 0.53 0.51 0.51 0.52 0.52 0.51 0.52 0.51 0.51 0.51 0.52 0.51 0.51 0.51 0.51 0.51 0.51,0.95
0.52 0.52 0.52 0.52 0.52 0.52 0.52 0.53 0.51 0.51 0.52 0.52 0.51 0.52 0.51 0.51 0.51 0.52 0.51 0.51 0.51 0.51 0.51 0.51 0.51,0.75
0.50 0.50 0.50 0.50 0.50 0.49 0.50 0.50 0.50 0.50 0.50 0.50 0.50 0.50 0.50 0.50 0.50 0.50 0.50 0.49 0.50 0.50 0.50 0.50 0.52,0.95
0.52 0.50 0.50 0.50 0.50 0.50 0.50 0.50 0.50 0.50 0.50 0.51 0.51 0.50 0.50 0.50 0.51 0.50 0.50 0.50 0.50 0.51 0.51 0.51 0.50,0.75
0.52 0.52 0.52 0.52 0.52 0.53 0.51 0.51 0.52 0.52 0.51 0.52 0.51 0.51 0.51 0.52 0.51 0.51 0.51 0.51 0.51 0.51 0.51 0.51 0.52,0.75
0.52 0.52 0.52 0.52 0.53 0.51 0.51 0.52 0.52 0.51 0.52 0.51 0.51 0.51 0.52 0.51 0.51 0.51 0.51 0.51 0.51 0.51 0.51 0.52 0.51,0.75
0.02 0.01 0.01 0.01 0.02 0.01 0.02 0.00 0.01 0.02 0.02 0.02 0.02 0.02 0.01 0.01 0.02 0.01 0.01 0.02 0.02 0.03 0.03 0.01 0.01,0.75
0.01 0.01 0.01 0.02 0.01 0.02 0.00 0.01 0.02 0.02 0.02 0.02 0.02 0.01 0.01 0.02 0.01 0.01 0.02 0.02 0.03 0.03 0.01 0.01 0.00,0.5
0.01 0.01 0.01 0.02 0.01 0.01 0.01 0.02 0.01 0.02 0.01 0.02 0.02 0.02 0.01 0.02 0.02 0.02 0.02 0.02 0.01 0.01 0.01 0.02 0.01,0.75
0.01 0.01 0.02 0.01 0.01 0.01 0.02 0.01 0.02 0.01 0.02 0.02 0.02 0.01 0.02 0.02 0.02 0.02 0.02 0.01 0.01 0.01 0.02 0.01 0.00,0.75
0.02 0.01 0.01 0.01 0.01 0.01 0.01 0.01 0.02 0.02 0.02 0.02 0.02 0.02 0.01 0.01 0.01 0.01 0.01 0.01 0.02 0.01 0.01 0.02 0.01,0.75
0.01 0.01 0.01 0.01 0.01 0.01 0.01 0.02 0.02 0.02 0.02 0.02 0.02 0.01 0.01 0.01 0.01 0.01 0.01 0.02 0.01 0.01 0.02 0.01 0.00,0.75
0.01 0.01 0.02 0.02 0.02 0.02 0.02 0.01 0.01 0.01 0.02 0.02 0.03 0.01 0.01 0.02 0.02 0.02 0.02 0.02 0.02 0.02 0.03 0.03 0.01,0.5
0.01 0.02 0.02 0.02 0.02 0.02 0.01 0.01 0.01 0.02 0.02 0.03 0.01 0.01 0.02 0.02 0.02 0.02 0.02 0.02 0.02 0.03 0.03 0.01 0.00,0.5
0.01 0.02 0.02 0.01 0.01 0.01 0.01 0.01 0.01 0.02 0.02 0.01 0.02 0.01 0.01 0.02 0.02 0.01 0.01 0.01 0.01 0.02 0.02 0.02 0.01,0.5
0.02 0.02 0.01 0.01 0.01 0.01 0.01 0.01 0.02 0.02 0.01 0.02 0.01 0.01 0.02 0.02 0.01 0.01 0.01 0.01 0.02 0.02 0.02 0.01 0.00,0.75
0.29 0.31 0.29 0.31 0.29 0.32 0.28 0.31 0.29 0.28 0.28 0.29 0.31 0.33 0.31 0.56 0.62 0.62 0.62 0.60 0.60 0.60 0.58 0.61 0.56,0.7
0.31 0.29 0.31 0.29 0.32 0.28 0.31 0.29 0.28 0.28 0.29 0.31 0.33 0.31 0.56 0.62 0.62 0.62 0.60 0.60 0.60 0.58 0.61 0.56 0.56,0.7
0.28 0.29 0.31 0.29 0.31 0.29 0.32 0.28 0.31 0.29 0.28 0.28 0.29 0.31 0.33 0.31 0.56 0.62 0.62 0.62 0.60 0.60 0.60 0.58 0.61,0.7
0.29 0.28 0.29 0.31 0.29 0.31 0.29 0.32 0.28 0.31 0.29 0.28 0.28 0.29 0.31 0.33 0.31 0.56 0.62 0.62 0.62 0.60 0.60 0.60 0.58,0.75
0.32 0.33 0.29 0.28 0.29 0.31 0.29 0.31 0.29 0.32 0.28 0.31 0.29 0.28 0.28 0.29 0.31 0.33 0.31 0.56 0.62 0.62 0.62 0.60 0.60,0.7
0.33 0.29 0.28 0.29 0.31 0.29 0.31 0.29 0.32 0.28 0.31 0.29 0.28 0.28 0.29 0.31 0.33 0.31 0.56 0.62 0.62 0.62 0.60 0.60 0.60,0.5
0.04 0.04 0.05 0.04 0.04 0.04 0.04 0.05 0.04 0.04 0.04 0.04 0.04 0.03 0.04 0.04 0.04 0.03 0.04 0.86 1.00 1.00 1.00 1.00 1.00,0.7
0.04 0.05 0.04 0.04 0.04 0.04 0.05 0.04 0.04 0.04 0.04 0.04 0.03 0.04 0.04 0.04 0.03 0.04 0.86 1.00 1.00 1.00 1.00 1.00 0.57,0.75
0.02 0.00 0.01 0.02 0.01 0.01 0.02 0.01 0.01 0.01 0.01 0.01 0.01 0.02 0.02 0.01 0.01 0.01 0.02 0.01 0.01 0.01 0.02 0.01 0.02,0.75
0.00 0.01 0.02 0.01 0.01 0.02 0.01 0.01 0.01 0.01 0.01 0.01 0.02 0.02 0.01 0.01 0.01 0.02 0.01 0.01 0.01 0.02 0.01 0.02 0.00,0.5
0.01 0.02 0.02 0.02 0.02 0.01 0.01 0.02 0.01 0.01 0.01 0.02 0.01 0.01 0.02 0.01 0.01 0.02 0.02 0.02 0.01 0.01 0.01 0.02 0.01,0.5
0.02 0.02 0.02 0.02 0.01 0.01 0.02 0.01 0.01 0.01 0.02 0.01 0.01 0.02 0.01 0.01 0.02 0.02 0.02 0.01 0.01 0.01 0.02 0.01 0.00,0.75
0.02 0.03 0.01 0.02 0.01 0.00 0.01 0.01 0.02 0.01 0.02 0.02 0.02 0.02 0.02 0.01 0.01 0.02 0.02 0.02 0.01 0.01 0.02 0.01 0.02,0.75
0.03 0.01 0.02 0.01 0.00 0.01 0.01 0.02 0.01 0.02 0.02 0.02 0.02 0.02 0.01 0.01 0.02 0.02 0.02 0.01 0.01 0.02 0.01 0.02 0.00,0.5
0.26 0.27 0.27 0.29 0.32 0.33 0.29 0.28 0.29 0.31 0.29 0.31 0.29 0.32 0.28 0.31 0.29 0.28 0.28 0.29 0.31 0.33 0.31 0.56 0.62,0.95
0.27 0.27 0.29 0.32 0.33 0.29 0.28 0.29 0.31 0.29 0.31 0.29 0.32 0.28 0.31 0.29 0.28 0.28 0.29 0.31 0.33 0.31 0.56 0.62 0.62,0.7
0.27 0.29 0.32 0.33 0.29 0.28 0.29 0.31 0.29 0.31 0.29 0.32 0.28 0.31 0.29 0.28 0.28 0.29 0.31 0.33 0.31 0.56 0.62 0.62 0.62,0.95
0.29 0.32 0.33 0.29 0.28 0.29 0.31 0.29 0.31 0.29 0.32 0.28 0.31 0.29 0.28 0.28 0.29 0.31 0.33 0.31 0.56 0.62 0.62 0.62 0.60,0.7
0.29 0.28 0.28 0.33 0.42 0.28 0.34 0.27 0.27 0.28 0.28 0.27 0.27 0.37 0.42 0.42 0.27 0.27 0.26 0.28 0.28 0.44 0.63 0.56 0.62,0.7
0.28 0.28 0.33 0.42 0.28 0.34 0.27 0.27 0.28 0.28 0.27 0.27 0.37 0.42 0.42 0.27 0.27 0.26 0.28 0.28 0.44 0.63 0.56 0.62 0.60,0.7
0.11 0.08 0.09 0.11 0.11 0.12 0.12 0.09 0.08 0.12 0.09 0.09 0.11 0.11 0.12 0.12 0.11 0.12 0.11 0.11 0.12 0.12 0.38 0.47 0.71,0.95
0.08 0.09 0.11 0.11 0.12 0.12 0.09 0.08 0.12 0.09 0.09 0.11 0.11 0.12 0.12 0.11 0.12 0.11 0.11 0.12 0.12 0.38 0.47 0.71 1.00,0.95
0.00 0.00 0.00 0.00 0.00 0.00 0.00 0.00 0.00 0.01 0.00 0.00 0.00 0.00 0.00 0.00 0.00 0.00 0.00 0.00 0.00 0.00 0.00 0.00 0.00,0.95
0.00 0.00 0.00 0.00 0.00 0.00 0.00 0.00 0.01 0.00 0.00 0.00 0.00 0.00 0.00 0.00 0.00 0.00 0.00 0.00 0.00 0.00 0.00 0.00 0.00,0.95
0.00 0.00 0.00 0.00 0.00 0.00 0.00 0.00 0.00 0.00 0.00 0.00 0.00 0.01 0.00 0.00 0.00 0.00 0.00 0.00 0.00 0.00 0.01 0.01 0.00,0.75
0.00 0.00 0.00 0.00 0.00 0.00 0.00 0.00 0.00 0.00 0.00 0.00 0.01 0.00 0.00 0.00 0.00 0.00 0.00 0.00 0.00 0.01 0.01 0.00 0.00,0.75
0.00 0.00 0.00 0.00 0.00 0.00 0.00 0.00 0.00 0.00 0.00 0.00 0.00 0.00 0.01 0.00 0.00 0.00 0.00 0.00 0.00 0.00 0.00 0.01 0.01,0.75
0.01 0.01 0.00 0.01 0.00 0.01 0.01 0.01 0.00 0.01 0.01 0.01 0.00 0.01 0.01 0.01 0.01 0.00 0.01 0.01 0.01 0.01 0.01 0.01 0.01,0.75
0.01 0.00 0.01 0.00 0.01 0.01 0.01 0.00 0.01 0.01 0.01 0.00 0.01 0.01 0.01 0.01 0.00 0.01 0.01 0.01 0.01 0.01 0.01 0.01 0.00,0.75
0.01 0.00 0.01 0.01 0.01 0.00 0.01 0.01 0.01 0.00 0.01 0.01 0.01 0.01 0.00 0.01 0.01 0.01 0.01 0.01 0.01 0.01 0.00 0.01 0.01,0.75
0.00 0.01 0.01 0.01 0.00 0.01 0.01 0.01 0.00 0.01 0.01 0.01 0.01 0.00 0.01 0.01 0.01 0.01 0.01 0.01 0.01 0.00 0.01 0.01 0.00,0.5
0.18 0.18 0.19 0.19 0.19 0.19 0.18 0.19 0.19 0.20 0.20 0.20 0.20 0.80 0.99 0.99 0.94 0.98 0.97 0.83 0.82 0.87 0.87 0.97 0.95,0.95
0.18 0.19 0.19 0.19 0.19 0.18 0.19 0.19 0.20 0.20 0.20 0.20 0.80 0.99 0.99 0.94 0.98 0.97 0.83 0.82 0.87 0.87 0.97 0.95 0.84,0.7
0.19 0.19 0.19 0.19 0.18 0.19 0.19 0.20 0.20 0.20 0.20 0.80 0.99 0.99 0.94 0.98 0.97 0.83 0.82 0.87 0.87 0.97 0.95 0.84 0.89,0.5
0.19 0.19 0.19 0.18 0.19 0.19 0.20 0.20 0.20 0.20 0.80 0.99 0.99 0.94 0.98 0.97 0.83 0.82 0.87 0.87 0.97 0.95 0.84 0.89 0.70,0.5
0.19 0.17 0.19 0.19 0.19 0.19 0.14 0.34 1.00 0.38 0.49 0.78 0.94 0.93 0.55 0.98 0.63 0.94 0.67 0.84 0.94 0.95 0.94 0.72 0.69,0.5
0.17 0.19 0.19 0.19 0.19 0.14 0.34 1.00 0.38 0.49 0.78 0.94 0.93 0.55 0.98 0.63 0.94 0.67 0.84 0.94 0.95 0.94 0.72 0.69 0.69,0.5
0.81 0.86 0.89 0.93 0.91 0.90 0.76 0.79 0.81 0.85 0.79 0.91 0.97 0.95 0.88 0.52 0.91 0.74 0.24 0.33 0.86 0.96 0.80 0.93 0.95,0.75
0.86 0.89 0.93 0.91 0.90 0.76 0.79 0.81 0.85 0.79 0.91 0.97 0.95 0.88 0.52 0.91 0.74 0.24 0.33 0.86 0.96 0.80 0.93 0.95 0.98,0.75
0.00 0.00 0.00 0.00 0.00 0.00 0.00 0.01 0.00 0.00 0.00 0.00 0.00 0.00 0.00 0.00 0.00 0.00 0.00 0.00 0.00 0.00 0.00 0.00 0.00,0.95
0.00 0.00 0.00 0.00 0.00 0.00 0.00 0.00 0.00 0.00 0.00 0.00 0.00 0.00 0.00 0.00 0.00 0.00 0.01 0.01 0.00 0.01 0.00 0.00 0.00,0.75
0.00 0.00 0.00 0.00 0.00 0.00 0.00 0.00 0.00 0.00 0.00 0.00 0.00 0.00 0.00 0.00 0.00 0.01 0.01 0.00 0.01 0.00 0.00 0.00 0.00,0.75
0.00 0.00 0.00 0.00 0.00 0.00 0.00 0.00 0.00 0.00 0.00 0.00 0.00 0.00 0.00 0.00 0.00 0.00 0.00 0.01 0.01 0.00 0.01 0.00 0.00,0.75
0.00 0.00 0.00 0.00 0.00 0.00 0.00 0.00 0.00 0.00 0.00 0.00 0.00 0.00 0.00 0.00 0.00 0.00 0.00 0.00 0.01 0.01 0.00 0.01 0.00,0.75
0.00 0.00 0.00 0.00 0.00 0.00 0.00 0.00 0.00 0.00 0.00 0.00 0.00 0.00 0.00 0.00 0.00 0.00 0.00 0.00 0.00 0.01 0.01 0.00 0.01,0.75
0.19 0.19 0.18 0.19 0.19 0.20 0.20 0.20 0.20 0.80 0.99 0.99 0.94 0.98 0.97 0.83 0.82 0.87 0.87 0.97 0.95 0.84 0.89 0.70 0.92,0.5
0.00 0.00 0.01 0.00 0.00 0.00 0.00 0.00 0.00 0.00 0.00 0.01 0.01 0.00 0.00 0.00 0.00 0.00 0.00 0.00 0.00 0.00 0.00 0.00 0.00,0.5
0.00 0.01 0.00 0.00 0.00 0.00 0.00 0.00 0.00 0.00 0.01 0.01 0.00 0.00 0.00 0.00 0.00 0.00 0.00 0.00 0.00 0.00 0.00 0.00 0.00,0.75
0.01 0.01 0.01 0.00 0.00 0.01 0.00 0.00 0.00 0.00 0.00 0.00 0.00 0.00 0.00 0.00 0.00 0.00 0.01 0.00 0.00 0.00 0.00 0.00 0.00,0.5
0.01 0.01 0.00 0.00 0.01 0.00 0.00 0.00 0.00 0.00 0.00 0.00 0.00 0.00 0.00 0.00 0.00 0.01 0.00 0.00 0.00 0.00 0.00 0.00 0.00,0.5
0.01 0.00 0.00 0.01 0.00 0.00 0.00 0.00 0.00 0.00 0.00 0.00 0.00 0.00 0.00 0.00 0.01 0.00 0.00 0.00 0.00 0.00 0.00 0.00 0.01,0.5
0.00 0.00 0.01 0.00 0.00 0.00 0.00 0.00 0.00 0.00 0.00 0.00 0.00 0.00 0.00 0.01 0.00 0.00 0.00 0.00 0.00 0.00 0.00 0.01 0.00,0.5
0.00 0.00 0.00 0.00 0.00 0.00 0.00 0.00 0.00 0.00 0.00 0.00 0.00 0.00 0.00 0.01 0.00 0.01 0.01 0.01 0.00 0.00 0.00 0.00 0.00,0.7
0.00 0.00 0.00 0.00 0.00 0.00 0.00 0.00 0.00 0.00 0.00 0.00 0.00 0.00 0.01 0.00 0.01 0.01 0.01 0.00 0.00 0.00 0.00 0.00 0.00,0.7
0.00 0.01 0.00 0.00 0.00 0.00 0.00 0.00 0.00 0.00 0.00 0.00 0.00 0.00 0.01 0.00 0.00 0.00 0.00 0.00 0.00 0.00 0.01 0.00 0.01,0.5
0.01 0.00 0.00 0.00 0.00 0.00 0.00 0.00 0.00 0.00 0.00 0.00 0.00 0.01 0.00 0.00 0.00 0.00 0.00 0.00 0.00 0.01 0.00 0.01 0.00,0.5
0.75 0.77 0.77 0.78 0.76 0.65 0.69 0.70 0.72 0.74 0.72 0.74 0.73 0.76 0.75 0.75 0.78 0.75 0.81 0.79 0.82 0.97 1.00 0.81 0.29,0.75
0.77 0.77 0.78 0.76 0.65 0.69 0.70 0.72 0.74 0.72 0.74 0.73 0.76 0.75 0.75 0.78 0.75 0.81 0.79 0.82 0.97 1.00 0.81 0.29 0.72,0.95
0.70 0.73 0.75 0.77 0.77 0.78 0.76 0.65 0.69 0.70 0.72 0.74 0.72 0.74 0.73 0.76 0.75 0.75 0.78 0.75 0.81 0.79 0.82 0.97 1.00,0.95
0.73 0.75 0.77 0.77 0.78 0.76 0.65 0.69 0.70 0.72 0.74 0.72 0.74 0.73 0.76 0.75 0.75 0.78 0.75 0.81 0.79 0.82 0.97 1.00 0.81,0.5
0.70 0.70 0.73 0.75 0.77 0.77 0.78 0.76 0.65 0.69 0.70 0.72 0.74 0.72 0.74 0.73 0.76 0.75 0.75 0.78 0.75 0.81 0.79 0.82 0.97,0.95
0.69 0.60 0.51 0.48 0.44 0.43 0.42 0.42 0.42 0.43 0.43 0.44 0.43 0.43 0.45 0.46 0.49 0.52 0.53 0.54 0.53 0.53 0.53 0.54 0.53,0.75
0.60 0.51 0.48 0.44 0.43 0.42 0.42 0.42 0.43 0.43 0.44 0.43 0.43 0.45 0.46 0.49 0.52 0.53 0.54 0.53 0.53 0.53 0.54 0.53 0.52,0.75
0.72 0.94 0.61 0.53 0.70 0.66 0.64 0.64 0.61 0.69 0.60 0.51 0.48 0.44 0.43 0.42 0.42 0.42 0.43 0.43 0.44 0.43 0.43 0.45 0.46,0.75
0.94 0.61 0.53 0.70 0.66 0.64 0.64 0.61 0.69 0.60 0.51 0.48 0.44 0.43 0.42 0.42 0.42 0.43 0.43 0.44 0.43 0.43 0.45 0.46 0.49,0.75
0.00 0.00 0.00 0.00 0.00 0.00 0.00 0.00 0.00 0.00 0.00 0.01 0.00 0.00 0.00 0.00 0.00 0.00 0.00 0.00 0.01 0.01 0.01 0.01 0.00,0.95
0.00 0.00 0.00 0.00 0.00 0.00 0.00 0.00 0.00 0.00 0.01 0.00 0.00 0.00 0.00 0.00 0.00 0.00 0.00 0.01 0.01 0.01 0.01 0.00 0.00,0.95
0.00 0.00 0.00 0.00 0.00 0.00 0.00 0.01 0.00 0.00 0.00 0.00 0.00 0.00 0.00 0.00 0.01 0.01 0.01 0.00 0.00 0.00 0.00 0.00 0.00,0.75
0.00 0.00 0.00 0.00 0.00 0.00 0.01 0.00 0.00 0.00 0.00 0.00 0.00 0.00 0.00 0.01 0.01 0.01 0.00 0.00 0.00 0.00 0.00 0.00 0.00,0.5
0.00 0.00 0.00 0.00 0.00 0.00 0.00 0.00 0.00 0.01 0.00 0.00 0.00 0.00 0.00 0.00 0.00 0.00 0.01 0.01 0.01 0.01 0.00 0.00 0.01,0.7
0.00 0.00 0.00 0.00 0.00 0.00 0.00 0.00 0.01 0.00 0.00 0.00 0.00 0.00 0.00 0.00 0.00 0.01 0.01 0.01 0.01 0.00 0.00 0.01 0.00,0.5
0.00 0.00 0.00 0.00 0.00 0.00 0.00 0.01 0.00 0.00 0.00 0.00 0.00 0.00 0.00 0.00 0.01 0.01 0.01 0.01 0.00 0.00 0.01 0.00 0.00,0.5
0.46 0.69 0.69 0.62 0.52 0.46 0.49 0.50 0.49 0.50 0.51 0.54 0.59 0.62 0.66 0.68 0.71 0.75 0.77 0.76 0.77 0.79 0.79 0.84 0.88,0.5
0.69 0.69 0.62 0.52 0.46 0.49 0.50 0.49 0.50 0.51 0.54 0.59 0.62 0.66 0.68 0.71 0.75 0.77 0.76 0.77 0.79 0.79 0.84 0.88 0.96,0.75
0.69 0.62 0.52 0.46 0.49 0.50 0.49 0.50 0.51 0.54 0.59 0.62 0.66 0.68 0.71 0.75 0.77 0.76 0.77 0.79 0.79 0.84 0.88 0.96 0.69,0.75
0.62 0.52 0.46 0.49 0.50 0.49 0.50 0.51 0.54 0.59 0.62 0.66 0.68 0.71 0.75 0.77 0.76 0.77 0.79 0.79 0.84 0.88 0.96 0.69 0.59,0.7
0.81 0.29 0.72 0.98 0.76 0.17 0.48 0.71 0.26 0.28 0.46 0.69 0.69 0.62 0.52 0.46 0.49 0.50 0.49 0.50 0.51 0.54 0.59 0.62 0.66,0.75
0.29 0.72 0.98 0.76 0.17 0.48 0.71 0.26 0.28 0.46 0.69 0.69 0.62 0.52 0.46 0.49 0.50 0.49 0.50 0.51 0.54 0.59 0.62 0.66 0.68,0.5
0.67 0.68 0.71 0.71 0.73 0.73 0.73 0.71 0.70 0.70 0.73 0.75 0.77 0.77 0.78 0.76 0.65 0.69 0.70 0.72 0.74 0.72 0.74 0.73 0.76,0.5
0.68 0.71 0.71 0.73 0.73 0.73 0.71 0.70 0.70 0.73 0.75 0.77 0.77 0.78 0.76 0.65 0.69 0.70 0.72 0.74 0.72 0.74 0.73 0.76 0.75,0.5
0.19 0.19 0.20 0.16 0.16 0.16 0.21 0.23 0.21 0.08 0.02 0.02 0.02 0.02 0.02 0.02 0.03 0.04 0.02 0.02 0.01 0.00 0.00 0.00 0.00,0.7
0.19 0.20 0.16 0.16 0.16 0.21 0.23 0.21 0.08 0.02 0.02 0.02 0.02 0.02 0.02 0.03 0.04 0.02 0.02 0.01 0.00 0.00 0.00 0.00 0.00,0.75
0.16 0.21 0.23 0.21 0.08 0.02 0.02 0.02 0.02 0.02 0.02 0.03 0.04 0.02 0.02 0.01 0.00 0.00 0.00 0.00 0.00 0.02 0.03 0.00 0.00,0.5
0.21 0.23 0.21 0.08 0.02 0.02 0.02 0.02 0.02 0.02 0.03 0.04 0.02 0.02 0.01 0.00 0.00 0.00 0.00 0.00 0.02 0.03 0.00 0.00 0.00,0.75
0.19 0.19 0.19 0.20 0.16 0.16 0.16 0.21 0.23 0.21 0.08 0.02 0.02 0.02 0.02 0.02 0.02 0.03 0.04 0.02 0.02 0.01 0.00 0.00 0.00,0.75
0.20 0.19 0.19 0.19 0.20 0.16 0.16 0.16 0.21 0.23 0.21 0.08 0.02 0.02 0.02 0.02 0.02 0.02 0.03 0.04 0.02 0.02 0.01 0.00 0.00,0.75
0.22 0.20 0.19 0.19 0.19 0.20 0.16 0.16 0.16 0.21 0.23 0.21 0.08 0.02 0.02 0.02 0.02 0.02 0.02 0.03 0.04 0.02 0.02 0.01 0.00,0.75
0.54 0.55 0.58 0.54 0.53 0.53 0.52 0.53 0.54 0.53 0.53 0.53 0.58 0.56 0.55 0.54 0.53 0.53 0.52 0.52 0.52 0.52 0.54 0.51 0.51,0.75
0.55 0.58 0.54 0.53 0.53 0.52 0.53 0.54 0.53 0.53 0.53 0.58 0.56 0.55 0.54 0.53 0.53 0.52 0.52 0.52 0.52 0.54 0.51 0.51 0.51,0.75
0.58 0.54 0.53 0.53 0.52 0.53 0.54 0.53 0.53 0.53 0.58 0.56 0.55 0.54 0.53 0.53 0.52 0.52 0.52 0.52 0.54 0.51 0.51 0.51 0.51,0.75
0.54 0.53 0.53 0.52 0.53 0.54 0.53 0.53 0.53 0.58 0.56 0.55 0.54 0.53 0.53 0.52 0.52 0.52 0.52 0.54 0.51 0.51 0.51 0.51 0.51,0.75
0.54 0.54 0.54 0.55 0.54 0.54 0.55 0.54 0.55 0.58 0.54 0.53 0.53 0.52 0.53 0.54 0.53 0.53 0.53 0.58 0.56 0.55 0.54 0.53 0.53,0.75
0.54 0.54 0.55 0.54 0.54 0.55 0.54 0.55 0.58 0.54 0.53 0.53 0.52 0.53 0.54 0.53 0.53 0.53 0.58 0.56 0.55 0.54 0.53 0.53 0.52,0.75
0.60 0.65 0.61 0.61 0.60 0.61 0.59 0.58 0.58 0.57 0.58 0.60 0.57 0.56 0.56 0.58 0.56 0.55 0.55 0.55 0.54 0.55 0.51 0.49 0.49,0.95
0.65 0.61 0.61 0.60 0.61 0.59 0.58 0.58 0.57 0.58 0.60 0.57 0.56 0.56 0.58 0.56 0.55 0.55 0.55 0.54 0.55 0.51 0.49 0.49 0.48,0.75
0.16 0.16 0.21 0.23 0.21 0.08 0.02 0.02 0.02 0.02 0.02 0.02 0.03 0.04 0.02 0.02 0.01 0.00 0.00 0.00 0.00 0.00 0.02 0.03 0.00,0.5
0.23 0.21 0.08 0.02 0.02 0.02 0.02 0.02 0.02 0.03 0.04 0.02 0.02 0.01 0.00 0.00 0.00 0.00 0.00 0.02 0.03 0.00 0.00 0.00 0.00,0.75
0.21 0.08 0.02 0.02 0.02 0.02 0.02 0.02 0.03 0.04 0.02 0.02 0.01 0.00 0.00 0.00 0.00 0.00 0.02 0.03 0.00 0.00 0.00 0.00 0.00,0.5
0.61 0.61 0.60 0.61 0.59 0.58 0.58 0.57 0.58 0.60 0.57 0.56 0.56 0.58 0.56 0.55 0.55 0.55 0.54 0.55 0.51 0.49 0.49 0.48 0.49,0.95
0.20 0.20 0.15 0.01 0.00 0.01 0.00 0.00 0.01 0.01 0.00 0.00 0.00 0.00 0.00 0.00 0.00 0.01 0.01 0.01 0.01 0.01 0.00 0.00 0.00,0.75
0.20 0.15 0.01 0.00 0.01 0.00 0.00 0.01 0.01 0.00 0.00 0.00 0.00 0.00 0.00 0.00 0.01 0.01 0.01 0.01 0.01 0.00 0.00 0.00 0.00,0.75
0.01 0.01 0.01 0.01 0.01 0.01 0.01 0.01 0.00 0.01 0.00 0.01 0.00 0.01 0.01 0.00 0.00 0.01 0.00 0.00 0.00 0.01 0.01 0.01 0.01,0.75
0.01 0.01 0.01 0.01 0.01 0.01 0.01 0.00 0.01 0.00 0.01 0.00 0.01 0.01 0.00 0.00 0.01 0.00 0.00 0.00 0.01 0.01 0.01 0.01 0.00,0.95
0.01 0.00 0.01 0.00 0.01 0.00 0.01 0.01 0.00 0.00 0.01 0.00 0.00 0.00 0.01 0.01 0.01 0.01 0.00 0.01 0.02 0.01 0.01 0.01 0.01,0.75
0.00 0.01 0.00 0.01 0.00 0.01 0.01 0.00 0.00 0.01 0.00 0.00 0.00 0.01 0.01 0.01 0.01 0.00 0.01 0.02 0.01 0.01 0.01 0.01 0.00,0.5
0.01 0.00 0.01 0.00 0.01 0.01 0.00 0.00 0.01 0.00 0.00 0.00 0.01 0.01 0.01 0.01 0.00 0.01 0.02 0.01 0.01 0.01 0.01 0.00 0.00,0.75
0.01 0.01 0.02 0.01 0.01 0.01 0.02 0.01 0.01 0.01 0.01 0.01 0.02 0.02 0.01 0.02 0.01 0.01 0.02 0.02 0.01 0.01 0.01 0.01 0.02,0.5
0.01 0.02 0.01 0.01 0.01 0.02 0.01 0.01 0.01 0.01 0.01 0.02 0.02 0.01 0.02 0.01 0.01 0.02 0.02 0.01 0.01 0.01 0.01 0.02 0.00,0.75
0.36 0.98 0.33 0.95 0.36 0.98 0.34 0.98 0.34 0.91 0.41 0.94 0.36 0.86 0.44 0.96 0.35 0.93 0.39 0.95 0.36 0.93 0.39 0.97 0.34,0.75
0.98 0.33 0.95 0.36 0.98 0.34 0.98 0.34 0.91 0.41 0.94 0.36 0.86 0.44 0.96 0.35 0.93 0.39 0.95 0.36 0.93 0.39 0.97 0.34 0.94,0.5
0.33 0.95 0.36 0.98 0.34 0.98 0.34 0.91 0.41 0.94 0.36 0.86 0.44 0.96 0.35 0.93 0.39 0.95 0.36 0.93 0.39 0.97 0.34 0.94 0.36,0.5
0.95 0.36 0.98 0.34 0.98 0.34 0.91 0.41 0.94 0.36 0.86 0.44 0.96 0.35 0.93 0.39 0.95 0.36 0.93 0.39 0.97 0.34 0.94 0.36 0.96,0.75
0.36 0.98 0.34 0.98 0.34 0.91 0.41 0.94 0.36 0.86 0.44 0.96 0.35 0.93 0.39 0.95 0.36 0.93 0.39 0.97 0.34 0.94 0.36 0.96 0.34,0.75
0.98 0.34 0.98 0.34 0.91 0.41 0.94 0.36 0.86 0.44 0.96 0.35 0.93 0.39 0.95 0.36 0.93 0.39 0.97 0.34 0.94 0.36 0.96 0.34 0.92,0.5
0.34 0.98 0.34 0.91 0.41 0.94 0.36 0.86 0.44 0.96 0.35 0.93 0.39 0.95 0.36 0.93 0.39 0.97 0.34 0.94 0.36 0.96 0.34 0.92 0.39,0.5
0.98 0.34 0.91 0.41 0.94 0.36 0.86 0.44 0.96 0.35 0.93 0.39 0.95 0.36 0.93 0.39 0.97 0.34 0.94 0.36 0.96 0.34 0.92 0.39 0.93,0.5
0.52 0.51 0.51 0.53 0.51 0.49 0.53 0.50 0.51 0.52 0.51 0.52 0.49 0.52 0.52 0.53 0.51 0.53 0.54 0.51 0.51 0.48 0.50 0.49 0.50,0.5
0.51 0.51 0.53 0.51 0.49 0.53 0.50 0.51 0.52 0.51 0.52 0.49 0.52 0.52 0.53 0.51 0.53 0.54 0.51 0.51 0.48 0.50 0.49 0.50 0.51,0.7
0.15 0.01 0.00 0.01 0.00 0.00 0.01 0.01 0.00 0.00 0.00 0.00 0.00 0.00 0.00 0.01 0.01 0.01 0.01 0.01 0.00 0.00 0.00 0.00 0.00,0.5
0.21 0.48 0.77 0.79 0.79 0.78 0.79 0.81 0.82 1.00 1.00 1.00 0.82 0.02 0.02 0.02 0.01 0.02 0.01 0.01 0.01 0.01 0.01 0.01 0.00,0.95
0.48 0.77 0.79 0.79 0.78 0.79 0.81 0.82 1.00 1.00 1.00 0.82 0.02 0.02 0.02 0.01 0.02 0.01 0.01 0.01 0.01 0.01 0.01 0.00 0.00,0.95
0.77 0.79 0.79 0.78 0.79 0.81 0.82 1.00 1.00 1.00 0.82 0.02 0.02 0.02 0.01 0.02 0.01 0.01 0.01 0.01 0.01 0.01 0.00 0.00 0.00,0.95
0.21 0.21 0.48 0.77 0.79 0.79 0.78 0.79 0.81 0.82 1.00 1.00 1.00 0.82 0.02 0.02 0.02 0.01 0.02 0.01 0.01 0.01 0.01 0.01 0.01,0.95
0.79 0.79 0.78 0.79 0.81 0.82 1.00 1.00 1.00 0.82 0.02 0.02 0.02 0.01 0.02 0.01 0.01 0.01 0.01 0.01 0.01 0.00 0.00 0.00 0.00,0.75
0.17 0.17 0.17 0.17 0.17 0.17 0.17 0.17 0.17 0.17 0.91 1.00 1.00 1.00 1.00 1.00 1.00 1.00 1.00 1.00 1.00 1.00 1.00 1.00 0.01,0.5
0.17 0.17 0.17 0.17 0.17 0.17 0.17 0.17 0.17 0.91 1.00 1.00 1.00 1.00 1.00 1.00 1.00 1.00 1.00 1.00 1.00 1.00 1.00 0.01 0.00,0.75
0.53 0.53 0.52 0.52 0.53 0.53 0.52 0.53 0.53 0.52 0.52 0.52 0.52 0.52 0.52 0.52 0.51 0.52 0.53 0.52 0.52 0.52 0.52 0.52 0.52,0.75
0.53 0.52 0.52 0.53 0.53 0.52 0.53 0.53 0.52 0.52 0.52 0.52 0.52 0.52 0.52 0.51 0.52 0.53 0.52 0.52 0.52 0.52 0.52 0.52 0.53,0.75
0.52 0.53 0.53 0.52 0.52 0.53 0.53 0.52 0.53 0.53 0.52 0.52 0.52 0.52 0.52 0.52 0.52 0.51 0.52 0.53 0.52 0.52 0.52 0.52 0.52,0.95
0.53 0.52 0.53 0.53 0.52 0.52 0.53 0.53 0.52 0.53 0.53 0.52 0.52 0.52 0.52 0.52 0.52 0.52 0.51 0.52 0.53 0.52 0.52 0.52 0.52,0.75
0.53 0.53 0.52 0.53 0.53 0.52 0.52 0.52 0.52 0.52 0.52 0.52 0.51 0.52 0.53 0.52 0.52 0.52 0.52 0.52 0.52 0.53 0.52 0.51 0.52,0.75
0.53 0.52 0.53 0.53 0.52 0.52 0.52 0.52 0.52 0.52 0.52 0.51 0.52 0.53 0.52 0.52 0.52 0.52 0.52 0.52 0.53 0.52 0.51 0.52 0.52,0.75
0.21 0.21 0.21 0.21 0.22 0.22 0.22 0.22 0.22 0.22 0.22 0.22 0.22 0.22 0.22 0.22 0.22 0.22 0.21 0.21 0.21 0.22 1.00 1.00 1.00,0.75
0.21 0.21 0.21 0.22 0.22 0.22 0.22 0.22 0.22 0.22 0.22 0.22 0.22 0.22 0.22 0.22 0.22 0.21 0.21 0.21 0.22 1.00 1.00 1.00 1.00,0.75
0.79 0.78 0.79 0.81 0.82 1.00 1.00 1.00 0.82 0.02 0.02 0.02 0.01 0.02 0.01 0.01 0.01 0.01 0.01 0.01 0.00 0.00 0.00 0.00 0.00,0.75
0.17 0.17 0.17 0.17 0.17 0.17 0.17 0.91 1.00 1.00 1.00 1.00 1.00 1.00 1.00 1.00 1.00 1.00 1.00 1.00 1.00 0.01 0.00 0.00 0.00,0.75
0.17 0.17 0.17 0.17 0.17 0.17 0.91 1.00 1.00 1.00 1.00 1.00 1.00 1.00 1.00 1.00 1.00 1.00 1.00 1.00 0.01 0.00 0.00 0.00 0.00,0.95
0.17 0.17 0.17 0.17 0.17 0.17 0.17 0.17 0.91 1.00 1.00 1.00 1.00 1.00 1.00 1.00 1.00 1.00 1.00 1.00 1.00 1.00 0.01 0.00 0.00,0.5
0.21 0.21 0.22 0.22 0.22 0.22 0.22 0.22 0.22 0.22 0.22 0.22 0.22 0.22 0.22 0.22 0.21 0.21 0.21 0.22 1.00 1.00 1.00 1.00 1.00,0.95
0.04 0.04 0.04 0.04 0.05 0.05 0.05 0.05 0.04 0.05 0.05 0.05 0.05 0.05 0.05 0.05 0.05 0.05 0.05 0.05 0.05 0.05 0.05 0.05 0.02,0.75
0.04 0.04 0.04 0.05 0.05 0.05 0.05 0.04 0.05 0.05 0.05 0.05 0.05 0.05 0.05 0.05 0.05 0.05 0.05 0.05 0.05 0.05 0.05 0.02 0.00,0.75
0.07 0.07 0.07 0.07 0.07 0.07 0.06 0.06 0.06 0.06 0.06 0.08 0.07 0.07 0.06 0.07 0.06 0.07 0.06 0.07 0.07 0.07 0.07 0.03 0.01,0.75
0.07 0.07 0.07 0.07 0.07 0.06 0.06 0.06 0.06 0.06 0.08 0.07 0.07 0.06 0.07 0.06 0.07 0.06 0.07 0.07 0.07 0.07 0.03 0.01 0.00,0.95
0.07 0.09 0.07 0.08 0.08 0.15 0.11 0.22 0.16 0.14 0.07 0.07 0.08 0.08 0.09 0.09 0.06 0.01 0.03 0.02 0.09 0.18 0.06 0.06 0.09,0.5
0.09 0.07 0.08 0.08 0.15 0.11 0.22 0.16 0.14 0.07 0.07 0.08 0.08 0.09 0.09 0.06 0.01 0.03 0.02 0.09 0.18 0.06 0.06 0.09 0.01,0.75
0.52 0.56 0.60 0.58 0.61 0.59 0.65 0.67 0.67 0.56 0.65 0.41 0.01 0.02 0.01 0.01 0.01 0.01 0.01 0.01 0.01 0.01 0.02 0.02 0.02,0.95
0.56 0.60 0.58 0.61 0.59 0.65 0.67 0.67 0.56 0.65 0.41 0.01 0.02 0.01 0.01 0.01 0.01 0.01 0.01 0.01 0.01 0.02 0.02 0.02 0.01,0.75
0.17 0.16 0.16 0.17 0.17 0.18 0.17 0.18 0.17 0.18 0.19 0.18 0.10 0.01 0.01 0.01 0.01 0.01 0.01 0.03 0.02 0.02 0.02 0.02 0.05,0.95
0.16 0.16 0.17 0.17 0.18 0.17 0.18 0.17 0.18 0.19 0.18 0.10 0.01 0.01 0.01 0.01 0.01 0.01 0.03 0.02 0.02 0.02 0.02 0.05 0.01,0.75
0.59 0.54 0.49 0.48 0.58 0.57 0.38 0.52 0.57 0.52 0.47 0.67 0.66 0.55 0.65 0.62 0.58 0.52 0.52 0.75 0.42 0.41 0.55 0.65 0.59,0.75
0.54 0.49 0.48 0.58 0.57 0.38 0.52 0.57 0.52 0.47 0.67 0.66 0.55 0.65 0.62 0.58 0.52 0.52 0.75 0.42 0.41 0.55 0.65 0.59 0.56,0.5
0.46 0.60 0.55 0.50 0.12 0.42 0.58 0.65 0.68 0.65 0.69 0.61 0.49 0.65 0.60 0.60 0.61 0.56 0.65 0.57 0.67 0.60 0.67 0.48 0.68,0.95
0.60 0.55 0.50 0.12 0.42 0.58 0.65 0.68 0.65 0.69 0.61 0.49 0.65 0.60 0.60 0.61 0.56 0.65 0.57 0.67 0.60 0.67 0.48 0.68 0.59,0.75
0.55 0.50 0.12 0.42 0.58 0.65 0.68 0.65 0.69 0.61 0.49 0.65 0.60 0.60 0.61 0.56 0.65 0.57 0.67 0.60 0.67 0.48 0.68 0.59 0.66,0.75
0.46 0.49 0.57 0.53 0.31 0.52 0.51 0.59 0.54 0.49 0.48 0.58 0.57 0.38 0.52 0.57 0.52 0.47 0.67 0.66 0.55 0.65 0.62 0.58 0.52,0.5
0.49 0.57 0.53 0.31 0.52 0.51 0.59 0.54 0.49 0.48 0.58 0.57 0.38 0.52 0.57 0.52 0.47 0.67 0.66 0.55 0.65 0.62 0.58 0.52 0.52,0.75
0.30 0.42 0.31 0.34 0.33 0.34 0.30 0.32 0.30 0.29 0.41 0.35 0.32 0.34 0.35 0.35 0.32 0.28 0.42 0.31 0.32 0.34 0.32 0.40 0.45,0.75
0.42 0.31 0.34 0.33 0.34 0.30 0.32 0.30 0.29 0.41 0.35 0.32 0.34 0.35 0.35 0.32 0.28 0.42 0.31 0.32 0.34 0.32 0.40 0.45 0.51,0.75
0.06 0.06 0.09 0.10 0.22 0.15 0.15 0.06 0.06 0.06 0.06 0.06 0.07 0.07 0.06 0.06 0.07 0.07 0.06 0.06 0.02 0.02 0.01 0.02 0.01,0.5
0.06 0.09 0.10 0.22 0.15 0.15 0.06 0.06 0.06 0.06 0.06 0.07 0.07 0.06 0.06 0.07 0.07 0.06 0.06 0.02 0.02 0.01 0.02 0.01 0.01,0.75
0.18 0.20 0.20 0.19 0.19 0.19 0.18 0.19 0.18 0.19 0.17 0.17 0.21 0.17 0.17 0.17 0.16 0.15 0.17 0.17 0.15 0.15 0.12 0.01 0.01,0.95
0.20 0.20 0.19 0.19 0.19 0.18 0.19 0.18 0.19 0.17 0.17 0.21 0.17 0.17 0.17 0.16 0.15 0.17 0.17 0.15 0.15 0.12 0.01 0.01 0.01,0.95
0.20 0.18 0.20 0.20 0.19 0.19 0.19 0.18 0.19 0.18 0.19 0.17 0.17 0.21 0.17 0.17 0.17 0.16 0.15 0.17 0.17 0.15 0.15 0.12 0.01,0.95
0.69 0.65 0.33 0.42 0.35 0.64 0.56 0.79 0.51 0.54 0.42 0.42 0.60 0.55 0.38 0.56 0.49 0.55 0.56 0.69 0.38 0.56 0.58 0.67 0.52,0.75
0.65 0.33 0.42 0.35 0.64 0.56 0.79 0.51 0.54 0.42 0.42 0.60 0.55 0.38 0.56 0.49 0.55 0.56 0.69 0.38 0.56 0.58 0.67 0.52 0.53,0.5
0.33 0.42 0.35 0.64 0.56 0.79 0.51 0.54 0.42 0.42 0.60 0.55 0.38 0.56 0.49 0.55 0.56 0.69 0.38 0.56 0.58 0.67 0.52 0.53 0.56,0.5
0.42 0.35 0.64 0.56 0.79 0.51 0.54 0.42 0.42 0.60 0.55 0.38 0.56 0.49 0.55 0.56 0.69 0.38 0.56 0.58 0.67 0.52 0.53 0.56 0.47,0.5
0.35 0.64 0.56 0.79 0.51 0.54 0.42 0.42 0.60 0.55 0.38 0.56 0.49 0.55 0.56 0.69 0.38 0.56 0.58 0.67 0.52 0.53 0.56 0.47 0.53,0.25
0.64 0.56 0.79 0.51 0.54 0.42 0.42 0.60 0.55 0.38 0.56 0.49 0.55 0.56 0.69 0.38 0.56 0.58 0.67 0.52 0.53 0.56 0.47 0.53 0.52,0.75
0.56 0.79 0.51 0.54 0.42 0.42 0.60 0.55 0.38 0.56 0.49 0.55 0.56 0.69 0.38 0.56 0.58 0.67 0.52 0.53 0.56 0.47 0.53 0.52 0.52,0.75
0.32 0.46 0.35 0.40 0.42 0.53 0.43 0.34 0.57 0.19 0.44 0.54 0.44 0.51 0.57 0.47 0.47 0.35 0.52 0.41 0.42 0.42 0.58 0.48 0.47,0.5
0.46 0.35 0.40 0.42 0.53 0.43 0.34 0.57 0.19 0.44 0.54 0.44 0.51 0.57 0.47 0.47 0.35 0.52 0.41 0.42 0.42 0.58 0.48 0.47 0.59,0.75
0.05 0.03 0.02 0.03 0.04 0.03 0.04 0.02 0.03 0.04 0.04 0.05 0.04 0.03 0.03 0.04 0.05 0.02 0.02 0.01 0.01 0.03 0.03 0.03 0.01,0.5
0.03 0.02 0.03 0.04 0.03 0.04 0.02 0.03 0.04 0.04 0.05 0.04 0.03 0.03 0.04 0.05 0.02 0.02 0.01 0.01 0.03 0.03 0.03 0.01 0.00,0.75
0.01 0.01 0.00 0.01 0.01 0.02 0.01 0.02 0.02 0.02 0.01 0.03 0.01 0.01 0.02 0.01 0.01 0.01 0.01 0.01 0.01 0.02 0.01 0.01 0.01,0.5
0.01 0.00 0.01 0.01 0.02 0.01 0.02 0.02 0.02 0.01 0.03 0.01 0.01 0.02 0.01 0.01 0.01 0.01 0.01 0.01 0.02 0.01 0.01 0.01 0.00,0.5
0.02 0.02 0.03 0.02 0.03 0.03 0.02 0.02 0.01 0.02 0.03 0.02 0.03 0.02 0.04 0.03 0.03 0.03 0.02 0.02 0.01 0.01 0.02 0.01 0.01,0.75
0.02 0.03 0.02 0.03 0.03 0.02 0.02 0.01 0.02 0.03 0.02 0.03 0.02 0.04 0.03 0.03 0.03 0.02 0.02 0.01 0.01 0.02 0.01 0.01 0.00,0.75
0.02 0.03 0.02 0.04 0.03 0.03 0.03 0.02 0.02 0.01 0.01 0.02 0.01 0.01 0.00 0.02 0.01 0.01 0.01 0.00 0.01 0.01 0.01 0.01 0.01,0.75
0.03 0.02 0.04 0.03 0.03 0.03 0.02 0.02 0.01 0.01 0.02 0.01 0.01 0.00 0.02 0.01 0.01 0.01 0.00 0.01 0.01 0.01 0.01 0.01 0.00,0.75
0.01 0.02 0.01 0.01 0.01 0.02 0.04 0.02 0.03 0.03 0.02 0.02 0.02 0.03 0.03 0.03 0.03 0.02 0.02 0.01 0.01 0.00 0.00 0.01 0.01,0.5
0.02 0.01 0.01 0.01 0.02 0.04 0.02 0.03 0.03 0.02 0.02 0.02 0.03 0.03 0.03 0.03 0.02 0.02 0.01 0.01 0.00 0.00 0.01 0.01 0.00,0.75
0.67 0.73 0.69 0.65 0.66 0.73 0.62 0.69 0.67 0.69 0.68 0.67 0.66 0.66 0.63 0.65 0.61 0.62 0.65 0.58 0.55 0.57 0.65 0.60 0.57,0.95
0.73 0.69 0.65 0.66 0.73 0.62 0.69 0.67 0.69 0.68 0.67 0.66 0.66 0.63 0.65 0.61 0.62 0.65 0.58 0.55 0.57 0.65 0.60 0.57 0.54,0.95
0.69 0.65 0.66 0.73 0.62 0.69 0.67 0.69 0.68 0.67 0.66 0.66 0.63 0.65 0.61 0.62 0.65 0.58 0.55 0.57 0.65 0.60 0.57 0.54 0.58,0.75
0.65 0.66 0.73 0.62 0.69 0.67 0.69 0.68 0.67 0.66 0.66 0.63 0.65 0.61 0.62 0.65 0.58 0.55 0.57 0.65 0.60 0.57 0.54 0.58 0.57,0.75
0.66 0.73 0.62 0.69 0.67 0.69 0.68 0.67 0.66 0.66 0.63 0.65 0.61 0.62 0.65 0.58 0.55 0.57 0.65 0.60 0.57 0.54 0.58 0.57 0.52,0.95
0.73 0.62 0.69 0.67 0.69 0.68 0.67 0.66 0.66 0.63 0.65 0.61 0.62 0.65 0.58 0.55 0.57 0.65 0.60 0.57 0.54 0.58 0.57 0.52 0.53,0.95
0.67 0.69 0.71 0.60 0.72 0.74 0.71 0.65 0.63 0.57 0.51 0.53 0.48 0.63 0.74 0.73 0.66 0.66 0.80 0.69 0.67 0.58 0.55 0.56 0.70,0.95
0.69 0.71 0.60 0.72 0.74 0.71 0.65 0.63 0.57 0.51 0.53 0.48 0.63 0.74 0.73 0.66 0.66 0.80 0.69 0.67 0.58 0.55 0.56 0.70 0.68,0.75
0.04 0.02 0.02 0.02 0.04 0.04 0.03 0.02 0.02 0.02 0.03 0.02 0.02 0.02 0.02 0.02 0.03 0.04 0.02 0.04 0.03 0.04 0.03 0.01 0.00,0.75
0.02 0.02 0.02 0.04 0.04 0.03 0.02 0.02 0.02 0.03 0.02 0.02 0.02 0.02 0.02 0.03 0.04 0.02 0.04 0.03 0.04 0.03 0.01 0.00 0.00,0.75
0.01 0.02 0.02 0.01 0.02 0.02 0.02 0.04 0.05 0.03 0.03 0.03 0.01 0.03 0.02 0.03 0.05 0.04 0.01 0.00 0.01 0.01 0.01 0.01 0.01,0.75
0.02 0.02 0.01 0.02 0.02 0.02 0.04 0.05 0.03 0.03 0.03 0.01 0.03 0.02 0.03 0.05 0.04 0.01 0.00 0.01 0.01 0.01 0.01 0.01 0.00,0.75
0.01 0.01 0.02 0.02 0.01 0.02 0.01 0.01 0.01 0.02 0.04 0.02 0.03 0.03 0.02 0.02 0.02 0.03 0.03 0.03 0.03 0.02 0.02 0.01 0.01,0.25
0.01 0.02 0.02 0.01 0.02 0.01 0.01 0.01 0.02 0.04 0.02 0.03 0.03 0.02 0.02 0.02 0.03 0.03 0.03 0.03 0.02 0.02 0.01 0.01 0.00,0.75
0.00 0.01 0.01 0.02 0.01 0.02 0.02 0.02 0.01 0.03 0.01 0.01 0.02 0.01 0.01 0.01 0.01 0.01 0.01 0.02 0.01 0.01 0.01 0.00 0.01,0.5
0.01 0.01 0.02 0.01 0.02 0.02 0.02 0.01 0.03 0.01 0.01 0.02 0.01 0.01 0.01 0.01 0.01 0.01 0.02 0.01 0.01 0.01 0.00 0.01 0.00,0.75
0.04 0.06 0.08 0.05 0.02 0.01 0.03 0.04 0.02 0.03 0.03 0.06 0.03 0.03 0.03 0.03 0.03 0.03 0.02 0.05 0.05 0.05 0.04 0.02 0.00,0.75
0.06 0.08 0.05 0.02 0.01 0.03 0.04 0.02 0.03 0.03 0.06 0.03 0.03 0.03 0.03 0.03 0.03 0.02 0.05 0.05 0.05 0.04 0.02 0.00 0.00,0.5
0.03 0.04 0.06 0.08 0.05 0.02 0.01 0.03 0.04 0.02 0.03 0.03 0.06 0.03 0.03 0.03 0.03 0.03 0.03 0.02 0.05 0.05 0.05 0.04 0.02,0.5
0.01 0.01 0.02 0.01 0.01 0.01 0.02 0.02 0.01 0.01 0.01 0.03 0.02 0.03 0.03 0.02 0.02 0.03 0.02 0.02 0.01 0.02 0.02 0.01 0.01,0.5
0.01 0.02 0.01 0.01 0.01 0.02 0.02 0.01 0.01 0.01 0.03 0.02 0.03 0.03 0.02 0.02 0.03 0.02 0.02 0.01 0.02 0.02 0.01 0.01 0.00,0.5
0.02 0.03 0.02 0.02 0.01 0.02 0.02 0.01 0.01 0.00 0.02 0.01 0.02 0.02 0.02 0.02 0.00 0.03 0.03 0.02 0.03 0.02 0.03 0.01 0.01,0.75
0.03 0.02 0.02 0.01 0.02 0.02 0.01 0.01 0.00 0.02 0.01 0.02 0.02 0.02 0.02 0.00 0.03 0.03 0.02 0.03 0.02 0.03 0.01 0.01 0.00,0.5
0.02 0.02 0.01 0.02 0.02 0.01 0.01 0.00 0.02 0.01 0.02 0.02 0.02 0.02 0.00 0.03 0.03 0.02 0.03 0.02 0.03 0.01 0.01 0.00 0.00,0.75
0.06 0.07 0.09 0.08 0.08 0.09 0.09 0.08 0.07 0.08 0.10 0.08 0.09 0.09 0.09 0.11 0.08 0.22 1.00 1.00 1.00 1.00 1.00 1.00 1.00,0.95
0.07 0.09 0.08 0.08 0.09 0.09 0.08 0.07 0.08 0.10 0.08 0.09 0.09 0.09 0.11 0.08 0.22 1.00 1.00 1.00 1.00 1.00 1.00 1.00 1.00,0.95
0.09 0.06 0.07 0.09 0.08 0.08 0.09 0.09 0.08 0.07 0.08 0.10 0.08 0.09 0.09 0.09 0.11 0.08 0.22 1.00 1.00 1.00 1.00 1.00 1.00,0.75
0.08 0.09 0.06 0.07 0.09 0.08 0.08 0.09 0.09 0.08 0.07 0.08 0.10 0.08 0.09 0.09 0.09 0.11 0.08 0.22 1.00 1.00 1.00 1.00 1.00,0.95
1.00 1.00 1.00 1.00 1.00 1.00 1.00 1.00 1.00 1.00 1.00 1.00 1.00 1.00 1.00 1.00 1.00 1.00 1.00 1.00 1.00 1.00 1.00 1.00 1.00,0.0
0.05 0.10 0.05 0.04 0.04 0.05 0.05 0.04 0.04 0.04 0.04 0.04 0.03 0.04 0.05 0.04 0.06 0.05 0.94 1.00 1.00 1.00 1.00 1.00 1.00,0.7
0.10 0.05 0.04 0.04 0.05 0.05 0.04 0.04 0.04 0.04 0.04 0.03 0.04 0.05 0.04 0.06 0.05 0.94 1.00 1.00 1.00 1.00 1.00 1.00 1.00,0.7
0.02 0.01 0.01 0.01 0.03 0.02 0.03 0.03 0.02 0.02 0.03 0.02 0.02 0.01 0.02 0.02 0.01 0.01 0.00 0.02 0.01 0.02 0.02 0.02 0.02,0.5
0.01 0.01 0.01 0.03 0.02 0.03 0.03 0.02 0.02 0.03 0.02 0.02 0.01 0.02 0.02 0.01 0.01 0.00 0.02 0.01 0.02 0.02 0.02 0.02 0.00,0.75
0.09 0.09 0.08 0.07 0.08 0.10 0.08 0.09 0.09 0.09 0.11 0.08 0.22 1.00 1.00 1.00 1.00 1.00 1.00 1.00 1.00 1.00 1.00 1.00 1.00,0.95
0.09 0.08 0.07 0.08 0.10 0.08 0.09 0.09 0.09 0.11 0.08 0.22 1.00 1.00 1.00 1.00 1.00 1.00 1.00 1.00 1.00 1.00 1.00 1.00 1.00,0.5
0.14 0.13 0.14 0.13 0.16 0.09 0.38 0.22 0.16 0.20 0.17 0.26 0.23 0.22 0.20 0.18 0.17 0.15 0.15 0.17 0.16 0.16 0.13 0.13 0.06,0.75
0.13 0.14 0.13 0.16 0.09 0.38 0.22 0.16 0.20 0.17 0.26 0.23 0.22 0.20 0.18 0.17 0.15 0.15 0.17 0.16 0.16 0.13 0.13 0.06 0.00,0.75
0.06 0.02 0.02 0.02 0.01 0.03 0.03 0.02 0.04 0.05 0.04 0.04 0.04 0.04 0.03 0.02 0.01 0.01 0.05 0.04 0.03 0.02 0.01 0.01 0.01,0.5
0.02 0.02 0.02 0.01 0.03 0.03 0.02 0.04 0.05 0.04 0.04 0.04 0.04 0.03 0.02 0.01 0.01 0.05 0.04 0.03 0.02 0.01 0.01 0.01 0.00,0.5
0.14 0.13 0.16 0.09 0.38 0.22 0.16 0.20 0.17 0.26 0.23 0.22 0.20 0.18 0.17 0.15 0.15 0.17 0.16 0.16 0.13 0.13 0.06 0.00 0.00,0.95
0.00 0.04 0.01 0.01 0.05 0.01 0.01 0.04 0.03 0.01 0.02 0.01 0.01 0.04 0.01 0.01 0.01 0.01 0.02 0.02 0.03 0.05 0.04 0.00 0.01,0.5
0.04 0.01 0.01 0.05 0.01 0.01 0.04 0.03 0.01 0.02 0.01 0.01 0.04 0.01 0.01 0.01 0.01 0.02 0.02 0.03 0.05 0.04 0.00 0.01 0.00,0.5
0.03 0.04 0.03 0.01 0.02 0.02 0.01 0.02 0.01 0.03 0.01 0.01 0.03 0.02 0.02 0.02 0.01 0.01 0.09 0.03 0.02 0.02 0.01 0.01 0.01,0.75
0.04 0.03 0.01 0.02 0.02 0.01 0.02 0.01 0.03 0.01 0.01 0.03 0.02 0.02 0.02 0.01 0.01 0.09 0.03 0.02 0.02 0.01 0.01 0.01 0.00,0.75
0.95 0.90 0.56 0.74 0.74 0.87 0.71 0.65 0.88 0.89 0.95 0.90 0.89 0.67 0.77 0.83 0.70 0.85 0.78 0.96 0.75 0.68 0.84 0.88 0.92,0.75
0.90 0.56 0.74 0.74 0.87 0.71 0.65 0.88 0.89 0.95 0.90 0.89 0.67 0.77 0.83 0.70 0.85 0.78 0.96 0.75 0.68 0.84 0.88 0.92 0.68,0.95
0.84 0.95 0.90 0.56 0.74 0.74 0.87 0.71 0.65 0.88 0.89 0.95 0.90 0.89 0.67 0.77 0.83 0.70 0.85 0.78 0.96 0.75 0.68 0.84 0.88,0.7
0.65 0.77 0.76 0.49 0.80 0.84 0.45 0.90 0.51 0.52 0.61 0.80 0.70 0.61 0.76 0.76 0.51 0.80 0.57 0.34 0.72 0.69 0.58 0.45 0.80,0.95
0.77 0.76 0.49 0.80 0.84 0.45 0.90 0.51 0.52 0.61 0.80 0.70 0.61 0.76 0.76 0.51 0.80 0.57 0.34 0.72 0.69 0.58 0.45 0.80 0.91,0.75
0.89 0.95 0.90 0.89 0.67 0.77 0.83 0.70 0.85 0.78 0.96 0.75 0.68 0.84 0.88 0.92 0.68 0.90 0.76 0.49 0.70 0.92 0.95 0.78 0.66,0.75
0.95 0.90 0.89 0.67 0.77 0.83 0.70 0.85 0.78 0.96 0.75 0.68 0.84 0.88 0.92 0.68 0.90 0.76 0.49 0.70 0.92 0.95 0.78 0.66 0.75,0.75
0.57 0.54 0.70 0.94 0.67 0.92 0.71 0.30 0.75 0.53 0.63 0.74 0.59 0.72 0.97 0.86 0.42 0.55 0.44 0.57 0.44 0.34 0.58 0.61 0.72,0.7
0.54 0.70 0.94 0.67 0.92 0.71 0.30 0.75 0.53 0.63 0.74 0.59 0.72 0.97 0.86 0.42 0.55 0.44 0.57 0.44 0.34 0.58 0.61 0.72 0.66,0.7
0.11 0.08 0.08 0.09 0.06 0.10 0.06 0.04 0.05 0.12 0.09 0.06 0.09 0.08 0.10 0.12 0.09 0.09 0.04 0.03 0.05 0.01 0.00 0.01 0.02,0.75
0.08 0.08 0.09 0.06 0.10 0.06 0.04 0.05 0.12 0.09 0.06 0.09 0.08 0.10 0.12 0.09 0.09 0.04 0.03 0.05 0.01 0.00 0.01 0.02 0.00,0.75
0.01 0.01 0.01 0.02 0.01 0.01 0.01 0.03 0.00 0.02 0.02 0.03 0.08 0.05 0.03 0.03 0.05 0.05 0.08 0.01 0.02 0.01 0.01 0.02 0.03,0.5
0.01 0.01 0.02 0.01 0.01 0.01 0.03 0.00 0.02 0.02 0.03 0.08 0.05 0.03 0.03 0.05 0.05 0.08 0.01 0.02 0.01 0.01 0.02 0.03 0.00,0.5
0.09 0.03 0.02 0.02 0.01 0.01 0.01 0.00 0.02 0.01 0.02 0.02 0.01 0.01 0.03 0.04 0.02 0.02 0.01 0.02 0.01 0.01 0.01 0.01 0.01,0.5
0.03 0.02 0.02 0.01 0.01 0.01 0.00 0.02 0.01 0.02 0.02 0.01 0.01 0.03 0.04 0.02 0.02 0.01 0.02 0.01 0.01 0.01 0.01 0.01 0.00,0.75
0.01 0.01 0.04 0.03 0.01 0.02 0.01 0.01 0.04 0.01 0.01 0.01 0.01 0.02 0.02 0.03 0.05 0.04 0.00 0.01 0.00 0.01 0.02 0.01 0.02,0.5
0.01 0.04 0.03 0.01 0.02 0.01 0.01 0.04 0.01 0.01 0.01 0.01 0.02 0.02 0.03 0.05 0.04 0.00 0.01 0.00 0.01 0.02 0.01 0.02 0.00,0.5
0.00 0.03 0.03 0.01 0.01 0.03 0.03 0.02 0.01 0.01 0.01 0.02 0.02 0.00 0.01 0.01 0.01 0.03 0.05 0.02 0.02 0.02 0.00 0.03 0.03,0.5
0.03 0.03 0.01 0.01 0.03 0.03 0.02 0.01 0.01 0.01 0.02 0.02 0.00 0.01 0.01 0.01 0.03 0.05 0.02 0.02 0.02 0.00 0.03 0.03 0.00,0.75
0.89 0.71 0.77 0.60 0.78 0.80 0.76 0.48 0.96 0.69 0.84 0.98 0.69 0.53 0.43 0.56 0.80 0.90 0.69 0.73 0.71 0.81 0.78 0.87 0.80,0.5
0.71 0.77 0.60 0.78 0.80 0.76 0.48 0.96 0.69 0.84 0.98 0.69 0.53 0.43 0.56 0.80 0.90 0.69 0.73 0.71 0.81 0.78 0.87 0.80 0.84,0.5
0.88 0.89 0.71 0.77 0.60 0.78 0.80 0.76 0.48 0.96 0.69 0.84 0.98 0.69 0.53 0.43 0.56 0.80 0.90 0.69 0.73 0.71 0.81 0.78 0.87,0.75
0.72 0.88 0.89 0.71 0.77 0.60 0.78 0.80 0.76 0.48 0.96 0.69 0.84 0.98 0.69 0.53 0.43 0.56 0.80 0.90 0.69 0.73 0.71 0.81 0.78,0.75
0.88 0.74 0.72 0.88 0.89 0.71 0.77 0.60 0.78 0.80 0.76 0.48 0.96 0.69 0.84 0.98 0.69 0.53 0.43 0.56 0.80 0.90 0.69 0.73 0.71,0.75
0.74 0.72 0.88 0.89 0.71 0.77 0.60 0.78 0.80 0.76 0.48 0.96 0.69 0.84 0.98 0.69 0.53 0.43 0.56 0.80 0.90 0.69 0.73 0.71 0.81,0.75
0.40 0.66 0.46 0.56 0.46 0.41 0.40 0.53 0.39 0.57 0.31 0.60 0.40 0.44 0.33 0.65 0.54 0.38 0.48 0.39 0.37 0.65 0.41 0.33 0.28,0.7
0.66 0.46 0.56 0.46 0.41 0.40 0.53 0.39 0.57 0.31 0.60 0.40 0.44 0.33 0.65 0.54 0.38 0.48 0.39 0.37 0.65 0.41 0.33 0.28 0.70,0.75
0.35 0.36 0.35 0.35 0.35 0.35 0.35 0.35 0.35 0.36 0.35 0.35 0.37 0.44 0.57 0.09 0.01 0.01 0.01 0.02 0.00 0.01 0.01 0.01 0.01,0.95
0.36 0.35 0.35 0.35 0.35 0.35 0.35 0.35 0.36 0.35 0.35 0.37 0.44 0.57 0.09 0.01 0.01 0.01 0.02 0.00 0.01 0.01 0.01 0.01 0.00,0.95
0.35 0.35 0.35 0.35 0.35 0.35 0.35 0.36 0.35 0.35 0.37 0.44 0.57 0.09 0.01 0.01 0.01 0.02 0.00 0.01 0.01 0.01 0.01 0.00 0.00,0.95
0.35 0.36 0.35 0.35 0.35 0.35 0.36 0.35 0.35 0.35 0.35 0.35 0.35 0.35 0.36 0.35 0.35 0.37 0.44 0.57 0.09 0.01 0.01 0.01 0.02,0.95
0.36 0.35 0.35 0.35 0.35 0.36 0.35 0.35 0.35 0.35 0.35 0.35 0.35 0.36 0.35 0.35 0.37 0.44 0.57 0.09 0.01 0.01 0.01 0.02 0.00,0.95
0.35 0.36 0.35 0.35 0.37 0.44 0.57 0.09 0.01 0.01 0.01 0.02 0.00 0.01 0.01 0.01 0.01 0.00 0.00 0.02 0.02 0.02 0.02 0.02 0.03,0.7
0.36 0.35 0.35 0.37 0.44 0.57 0.09 0.01 0.01 0.01 0.02 0.00 0.01 0.01 0.01 0.01 0.00 0.00 0.02 0.02 0.02 0.02 0.02 0.03 0.01,0.7
0.37 0.44 0.57 0.09 0.01 0.01 0.01 0.02 0.00 0.01 0.01 0.01 0.01 0.00 0.00 0.02 0.02 0.02 0.02 0.02 0.03 0.01 0.01 0.02 0.01,0.5
0.44 0.57 0.09 0.01 0.01 0.01 0.02 0.00 0.01 0.01 0.01 0.01 0.00 0.00 0.02 0.02 0.02 0.02 0.02 0.03 0.01 0.01 0.02 0.01 0.01,0.75
0.58 0.58 0.60 0.61 0.61 0.61 0.61 0.61 0.62 0.62 0.63 0.64 0.64 0.65 0.66 0.69 0.69 0.69 0.70 0.71 0.73 0.72 0.74 0.72 0.72,0.5
0.58 0.60 0.61 0.61 0.61 0.61 0.61 0.62 0.62 0.63 0.64 0.64 0.65 0.66 0.69 0.69 0.69 0.70 0.71 0.73 0.72 0.74 0.72 0.72 0.69,0.5
0.58 0.58 0.58 0.60 0.61 0.61 0.61 0.61 0.61 0.62 0.62 0.63 0.64 0.64 0.65 0.66 0.69 0.69 0.69 0.70 0.71 0.73 0.72 0.74 0.72,0.5
0.58 0.58 0.58 0.58 0.60 0.61 0.61 0.61 0.61 0.61 0.62 0.62 0.63 0.64 0.64 0.65 0.66 0.69 0.69 0.69 0.70 0.71 0.73 0.72 0.74,0.5
0.28 0.28 0.28 0.28 0.28 0.28 0.28 0.28 0.30 0.31 0.31 0.34 0.35 0.36 0.36 0.37 0.38 0.39 0.40 0.42 0.43 0.44 0.46 0.46 0.47,0.25
0.28 0.28 0.28 0.28 0.28 0.28 0.28 0.30 0.31 0.31 0.34 0.35 0.36 0.36 0.37 0.38 0.39 0.40 0.42 0.43 0.44 0.46 0.46 0.47 0.48,0.25
0.52 0.52 0.52 0.52 0.52 0.53 0.52 0.53 0.53 0.52 0.53 0.54 0.52 0.52 0.53 0.53 0.53 0.53 0.53 0.53 0.54 0.54 0.54 0.54 0.53,0.25
0.52 0.52 0.52 0.52 0.53 0.52 0.53 0.53 0.52 0.53 0.54 0.52 0.52 0.53 0.53 0.53 0.53 0.53 0.53 0.54 0.54 0.54 0.54 0.53 0.54,0.5
0.36 0.36 0.36 0.35 0.36 0.35 0.35 0.35 0.35 0.36 0.35 0.35 0.35 0.35 0.35 0.35 0.35 0.36 0.35 0.35 0.37 0.44 0.57 0.09 0.01,0.95
0.36 0.36 0.35 0.36 0.35 0.35 0.35 0.35 0.36 0.35 0.35 0.35 0.35 0.35 0.35 0.35 0.36 0.35 0.35 0.37 0.44 0.57 0.09 0.01 0.01,0.95
0.36 0.35 0.36 0.35 0.35 0.35 0.35 0.36 0.35 0.35 0.35 0.35 0.35 0.35 0.35 0.36 0.35 0.35 0.37 0.44 0.57 0.09 0.01 0.01 0.01,0.95
0.58 0.58 0.58 0.58 0.57 0.58 0.60 0.58 0.60 0.60 0.60 0.62 0.62 0.62 0.62 0.61 0.62 0.63 0.63 0.64 0.64 0.64 0.65 0.66 0.64,0.5
0.58 0.58 0.58 0.57 0.58 0.60 0.58 0.60 0.60 0.60 0.62 0.62 0.62 0.62 0.61 0.62 0.63 0.63 0.64 0.64 0.64 0.65 0.66 0.64 0.65,0.7
0.58 0.58 0.57 0.58 0.60 0.58 0.60 0.60 0.60 0.62 0.62 0.62 0.62 0.61 0.62 0.63 0.63 0.64 0.64 0.64 0.65 0.66 0.64 0.65 0.67,0.5
0.58 0.57 0.58 0.60 0.58 0.60 0.60 0.60 0.62 0.62 0.62 0.62 0.61 0.62 0.63 0.63 0.64 0.64 0.64 0.65 0.66 0.64 0.65 0.67 0.69,0.5
0.55 0.53 0.57 0.52 0.46 0.56 0.57 0.57 0.57 0.58 0.58 0.58 0.58 0.58 0.57 0.58 0.60 0.58 0.60 0.60 0.60 0.62 0.62 0.62 0.62,0.5
0.53 0.57 0.52 0.46 0.56 0.57 0.57 0.57 0.58 0.58 0.58 0.58 0.58 0.57 0.58 0.60 0.58 0.60 0.60 0.60 0.62 0.62 0.62 0.62 0.61,0.5
0.27 0.29 0.31 0.34 0.36 0.37 0.39 0.43 0.45 0.46 0.48 0.47 0.49 0.52 0.54 0.56 0.58 0.58 0.58 0.58 0.58 0.61 0.60 0.58 0.57,0.75
0.29 0.31 0.34 0.36 0.37 0.39 0.43 0.45 0.46 0.48 0.47 0.49 0.52 0.54 0.56 0.58 0.58 0.58 0.58 0.58 0.61 0.60 0.58 0.57 0.60,0.5
0.01 0.01 0.01 0.01 0.01 0.01 0.01 0.00 0.01 0.00 0.00 0.00 0.00 0.00 0.00 0.00 0.00 0.00 0.00 0.00 0.00 0.00 0.00 0.00 0.00,0.5
0.01 0.01 0.01 0.01 0.01 0.01 0.00 0.01 0.00 0.00 0.00 0.00 0.00 0.00 0.00 0.00 0.00 0.00 0.00 0.00 0.00 0.00 0.00 0.00 0.00,0.5
0.44 0.44 0.46 0.44 0.46 0.44 0.44 0.46 0.44 0.46 0.46 0.46 0.46 0.47 0.47 0.47 0.47 0.47 0.48 0.48 0.48 0.48 0.48 0.49 0.49,0.5
0.44 0.46 0.44 0.46 0.44 0.44 0.46 0.44 0.46 0.46 0.46 0.46 0.47 0.47 0.47 0.47 0.47 0.48 0.48 0.48 0.48 0.48 0.49 0.49 0.49,0.5
0.44 0.44 0.44 0.46 0.44 0.46 0.44 0.44 0.46 0.44 0.46 0.46 0.46 0.46 0.47 0.47 0.47 0.47 0.47 0.48 0.48 0.48 0.48 0.48 0.49,0.5
0.44 0.44 0.44 0.44 0.46 0.44 0.46 0.44 0.44 0.46 0.44 0.46 0.46 0.46 0.46 0.47 0.47 0.47 0.47 0.47 0.48 0.48 0.48 0.48 0.48,0.5
0.47 0.47 0.47 0.47 0.48 0.48 0.48 0.48 0.48 0.49 0.49 0.49 0.49 0.49 0.49 0.51 0.51 0.51 0.51 0.51 0.51 0.52 0.53 0.53 0.53,0.5
0.47 0.47 0.47 0.48 0.48 0.48 0.48 0.48 0.49 0.49 0.49 0.49 0.49 0.49 0.51 0.51 0.51 0.51 0.51 0.51 0.52 0.53 0.53 0.53 0.53,0.5
0.00 0.57 0.60 0.60 0.60 0.59 0.60 0.57 0.59 0.59 0.59 0.58 0.58 0.58 0.58 0.58 0.58 0.57 0.57 0.58 0.58 0.57 0.57 0.56 0.57,0.25
0.01 0.01 0.01 0.01 0.01 0.01 0.01 0.01 0.00 0.01 0.00 0.00 0.00 0.00 0.00 0.00 0.00 0.00 0.00 0.00 0.00 0.00 0.00 0.00 0.00,0.95
0.01 0.01 0.01 0.01 0.01 0.01 0.01 0.00 0.00 0.00 0.01 0.00 0.00 0.00 0.00 0.00 0.00 0.00 0.00 0.00 0.01 0.01 0.01 0.00 0.01,0.5
0.01 0.01 0.01 0.01 0.01 0.01 0.00 0.00 0.00 0.01 0.00 0.00 0.00 0.00 0.00 0.00 0.00 0.00 0.00 0.01 0.01 0.01 0.00 0.01 0.00,0.5
0.00 0.00 0.01 0.00 0.01 0.00 0.01 0.00 0.01 0.01 0.01 0.01 0.01 0.00 0.00 0.01 0.00 0.00 0.00 0.01 0.00 0.00 0.00 0.00 0.00,0.5
0.00 0.01 0.00 0.01 0.00 0.01 0.00 0.01 0.01 0.01 0.01 0.01 0.00 0.00 0.01 0.00 0.00 0.00 0.01 0.00 0.00 0.00 0.00 0.00 0.00,0.5
0.01 0.00 0.01 0.00 0.01 0.00 0.01 0.01 0.01 0.01 0.01 0.00 0.00 0.01 0.00 0.00 0.00 0.01 0.00 0.00 0.00 0.00 0.00 0.00 0.00,0.75
0.00 0.01 0.00 0.01 0.00 0.01 0.01 0.01 0.01 0.01 0.00 0.00 0.01 0.00 0.00 0.00 0.01 0.00 0.00 0.00 0.00 0.00 0.00 0.00 0.00,0.75
0.01 0.00 0.01 0.00 0.01 0.01 0.01 0.01 0.01 0.00 0.00 0.01 0.00 0.00 0.00 0.01 0.00 0.00 0.00 0.00 0.00 0.00 0.00 0.00 0.00,0.75
0.68 0.68 0.70 0.73 0.73 0.75 0.74 0.72 0.72 0.74 0.75 0.76 0.79 0.82 0.76 0.72 0.66 0.67 0.71 0.72 0.73 0.77 0.76 0.76 0.78,0.5
0.68 0.70 0.73 0.73 0.75 0.74 0.72 0.72 0.74 0.75 0.76 0.79 0.82 0.76 0.72 0.66 0.67 0.71 0.72 0.73 0.77 0.76 0.76 0.78 0.77,0.5
0.65 0.68 0.68 0.70 0.73 0.73 0.75 0.74 0.72 0.72 0.74 0.75 0.76 0.79 0.82 0.76 0.72 0.66 0.67 0.71 0.72 0.73 0.77 0.76 0.76,0.5
0.57 0.65 0.68 0.68 0.70 0.73 0.73 0.75 0.74 0.72 0.72 0.74 0.75 0.76 0.79 0.82 0.76 0.72 0.66 0.67 0.71 0.72 0.73 0.77 0.76,0.5
0.39 0.40 0.41 0.43 0.45 0.46 0.46 0.47 0.48 0.49 0.50 0.52 0.52 0.49 0.42 0.40 0.43 0.45 0.46 0.46 0.49 0.49 0.51 0.52 0.52,0.5
0.40 0.41 0.43 0.45 0.46 0.46 0.47 0.48 0.49 0.50 0.52 0.52 0.49 0.42 0.40 0.43 0.45 0.46 0.46 0.49 0.49 0.51 0.52 0.52 0.54,0.5
0.37 0.43 0.51 0.52 0.53 0.49 0.49 0.57 0.65 0.68 0.68 0.70 0.73 0.73 0.75 0.74 0.72 0.72 0.74 0.75 0.76 0.79 0.82 0.76 0.72,0.5
0.43 0.51 0.52 0.53 0.49 0.49 0.57 0.65 0.68 0.68 0.70 0.73 0.73 0.75 0.74 0.72 0.72 0.74 0.75 0.76 0.79 0.82 0.76 0.72 0.66,0.5
